compound,fold,model,E,S,A,B,L
Acetanilide,0,0,0.93918,1.28832,0.52292,0.68877,5.53201
Acetophenone,0,0,0.79577,0.98014,0.02313,0.50988,4.77929
4-Aminobenzonitrile,0,0,1.11947,1.69948,0.40943,0.45958,5.57616
Anisole,0,0,0.77408,0.81168,0.02930,0.35345,4.32130
Benzamide,0,0,1.07199,1.37627,0.53416,0.73842,5.55659
Benzaldehyde,0,0,0.80601,1.02448,0.02497,0.44999,4.56157
Benzene,0,0,0.63436,0.52581,0.02667,0.20369,3.00771
Benzenesulfonamide,0,0,1.18094,1.14210,0.44800,0.98609,5.86556
Benzofuran,0,0,0.96154,0.92958,0.02398,0.17267,4.53140
Benzonitrile,0,0,0.77680,1.13062,0.03920,0.35187,4.39533
Benzophenone,0,0,1.35737,1.28454,0.02518,0.51380,7.49115
Benzyl alcohol,0,0,0.86316,0.95626,0.38084,0.65143,4.42627
Benzyl benzoate,0,0,1.29697,1.32659,0.02317,0.56264,8.05882
Biphenyl,0,0,1.40430,1.03725,0.03631,0.28092,6.34350
2-Bromoacetophenone,0,0,1.06166,1.41437,0.04412,0.46595,6.17505
1-Bromonaphthalene,0,0,1.73466,1.08615,0.02177,0.21312,6.89044
3-Bromophenol,0,0,1.15976,1.10594,0.66732,0.27888,5.19195
Butan-2-one,0,0,0.19117,0.66336,0.02474,0.48539,2.41071
Butyrophenone,0,0,0.79431,0.95695,0.02693,0.53389,5.64337
Caffeine,0,0,1.40933,1.83343,0.13272,1.21065,7.60107
1-Chloronaphthalene,0,0,1.44029,1.00297,0.03168,0.17400,5.99413
4-Chlorophenol,0,0,0.96303,1.08479,0.68286,0.25454,4.94876
Cinnamyl alcohol,0,0,1.11469,1.08189,0.39676,0.62939,5.74787
Coumarin,0,0,1.08484,1.31608,0.01412,0.46914,5.65030
4-Cyanophenol,0,0,0.96120,1.58861,0.86465,0.33222,5.61565
Cyclohexanone,0,0,0.39447,0.89437,0.02533,0.56132,4.03860
"1,3-Dibromobenzene",0,0,1.18932,0.87140,0.03826,0.07390,5.38210
Di-n-butyl phthalate,0,0,0.70231,1.18559,0.02363,0.92641,9.23326
Diethyl phthalate,0,0,0.76131,1.26999,0.02642,0.91957,7.57126
"2,6-Dimethylphenol",0,0,0.88952,0.83305,0.40830,0.40038,4.86004
Diphenyl ether,0,0,1.25285,1.09616,0.03041,0.24239,6.69008
Ethylbenzene,0,0,0.67445,0.55476,0.02630,0.19065,4.01387
Fluorene,0,0,1.69798,1.14020,0.02637,0.21670,7.04738
Heptan-2-one,0,0,0.13559,0.66162,0.02837,0.53173,4.11868
Hexanophenone,0,0,0.79071,0.94838,0.03114,0.50823,6.73779
4-Hydroxybenzaldehyde,0,0,1.07772,1.39657,0.77783,0.50206,5.51494
4-Hydroxybenzyl alcohol,0,0,1.11392,1.32339,0.90865,0.84935,5.73370
Indole,0,0,1.27157,1.22762,0.46463,0.25269,5.47209
Iodobenzene,0,0,1.23216,0.85403,0.03795,0.15298,4.67516
2-Methoxybenzaldehyde,0,0,1.04131,1.24460,0.00516,0.56743,5.46577
2-Methoxynaphthalene,0,0,1.46810,1.13995,0.03087,0.37685,6.88393
Methyl benzoate,0,0,0.73046,0.96439,0.03044,0.49089,5.11783
Methylparaben,0,0,0.99043,1.37865,0.72402,0.52930,6.01520
2-Methylphenol,0,0,0.90799,0.85493,0.52979,0.37476,4.37906
4-Methylphenol,0,0,0.85853,0.88047,0.57514,0.35470,4.42915
Methyl salicylate,0,0,0.87257,0.89556,0.06475,0.48545,5.42876
Naphthalene,0,0,1.31381,0.88368,0.03628,0.26619,5.45242
2-Naphthaldehyde,0,0,1.49437,1.71595,0.01742,0.43409,6.96201
1-Naphthol,0,0,1.61762,1.20971,0.66371,0.41192,6.76408
2-Naphthol,0,0,1.58097,1.20336,0.69005,0.40586,6.69864
Nicotinamide,0,0,1.03245,1.29387,0.59467,0.95908,5.20004
2-Nitroaniline,0,0,1.23495,1.41850,0.30405,0.39658,5.67027
4-Nitroaniline,0,0,1.26842,1.87529,0.45861,0.41890,6.16949
Nitrobenzene,0,0,0.93542,1.12870,0.00039,0.31637,4.88156
4-Nitrobenzyl alcohol,0,0,1.10381,1.39101,0.44941,0.65005,6.05056
1-Nitrohexane,0,0,0.21090,0.93947,0.02459,0.31254,4.63374
4-Nitrotoluene,0,0,0.91235,1.09398,0.01013,0.29035,5.36989
2-Nitrophenol,0,0,1.08104,1.02479,0.08663,0.39393,4.95985
3-Nitrophenol,0,0,1.15048,1.37085,0.82886,0.32182,5.73818
4-Nitrophenol,0,0,1.14861,1.46722,0.79960,0.29495,6.09083
Octanophenone,0,0,0.76968,0.94232,0.02666,0.50098,7.71804
Phenanthrene,0,0,2.16160,1.31800,0.00921,0.32254,7.96496
Phenol,0,0,0.89244,0.90204,0.63570,0.36746,3.97782
Pentafluorophenol,0,0,0.38148,0.60435,0.69733,0.12374,3.48702
Phenyl acetate,0,0,0.70943,1.15700,0.02015,0.53252,4.73503
2-Phenylethanol,0,0,0.87155,0.97650,0.34053,0.71476,4.88186
4-Phenylphenol,0,0,1.47719,1.35485,0.63004,0.46563,7.48776
1-Phenyl-2-propanol,0,0,0.83641,0.92941,0.35519,0.74198,5.03767
Phthalimide,0,0,1.21468,1.60567,0.53989,0.57732,5.81789
Progesterone,0,0,1.61632,3.22038,0.00096,1.13759,14.44131
Propriophenone,0,0,0.79796,0.96591,0.03149,0.53212,5.10331
Propylbenzene,0,0,0.65397,0.53679,0.01687,0.17732,4.40719
o-Tolualdehyde,0,0,0.89882,1.03333,0.02756,0.43868,4.95462
Toluene,0,0,0.66019,0.55030,0.02568,0.19065,3.55328
"1,2,3-Trimethylbenzene",0,0,0.76770,0.66801,0.01593,0.22601,4.70720
Valerophenone,0,0,0.80154,0.93857,0.02235,0.53314,6.16964
Vanillin,0,0,1.09064,1.55600,0.21485,0.53674,5.82674
m-Xylene,0,0,0.65901,0.54372,0.01664,0.19517,3.88147
p-Xylene,0,0,0.65854,0.54975,0.01423,0.20127,3.91584
2-Aminobiphenyl,0,0,1.61594,1.47521,0.28041,0.50943,7.56240
Aniline,0,0,1.01330,1.03759,0.27367,0.45591,4.00630
4-Chloroaniline,0,0,1.09206,1.14883,0.31085,0.36942,4.89590
"3,4-Dichloroaniline",0,0,1.19558,1.22281,0.32157,0.23771,5.45882
"N, N-Diethylaniline",0,0,0.96720,0.80002,0.01265,0.47204,5.39251
"N, N-Dimethylaniline",0,0,1.00292,0.89075,0.02329,0.42947,4.75432
Diphenylamine,0,0,1.48410,1.13558,0.31141,0.35211,7.22578
N-Ethylaniline,0,0,0.98728,0.91469,0.20061,0.48304,4.91598
4-Fluoroaniline,0,0,0.73917,1.06853,0.30155,0.42239,3.86496
8-Hydroxyquinoline,0,0,1.51597,1.18946,0.24392,0.55088,6.56855
2-Methylaniline,0,0,1.02661,0.97949,0.16275,0.52455,4.70937
3-Methylaniline,0,0,0.96309,1.01932,0.21966,0.49714,4.59507
4-Methylaniline,0,0,0.96590,1.03179,0.21444,0.51242,4.62214
Pyridine,0,0,0.66483,0.78394,0.01864,0.58566,3.21546
Quinoline,0,0,1.29627,1.03882,0.02636,0.51586,5.35784
Acetanilide,0,1,0.88004,1.40269,0.52039,0.65913,5.42821
Acetophenone,0,1,0.83687,1.01008,0.04093,0.50319,4.84741
4-Aminobenzonitrile,0,1,1.14174,1.73907,0.47123,0.43514,5.42086
Anisole,0,1,0.77372,0.75761,0.01620,0.29536,3.93679
Benzamide,0,1,0.99664,1.43299,0.56899,0.70775,5.25951
Benzaldehyde,0,1,0.89934,1.07708,0.01084,0.38241,4.45850
Benzene,0,1,0.66240,0.53496,0.01583,0.14894,2.82579
Benzenesulfonamide,0,1,1.17929,1.20506,0.51760,0.95216,5.71052
Benzofuran,0,1,0.95676,0.95218,0.01569,0.18198,4.55539
Benzonitrile,0,1,0.86558,1.13911,0.05200,0.36977,4.36023
Benzophenone,0,1,1.45842,1.33921,-0.00010,0.50828,7.37532
Benzyl alcohol,0,1,0.78246,0.96270,0.37307,0.58430,4.17058
Benzyl benzoate,0,1,1.30824,1.35544,0.00208,0.56650,7.83116
Biphenyl,0,1,1.43572,1.02304,0.01871,0.28878,6.43925
2-Bromoacetophenone,0,1,1.10118,1.42128,0.02998,0.46296,6.26153
1-Bromonaphthalene,0,1,1.77736,1.18606,0.02949,0.21658,6.69979
3-Bromophenol,0,1,1.09930,1.06971,0.71879,0.21307,5.11476
Butan-2-one,0,1,0.13951,0.73477,0.02526,0.48745,2.60354
Butyrophenone,0,1,0.80507,1.01919,0.01987,0.53452,5.69031
Caffeine,0,1,1.42650,1.78179,0.13932,1.20231,7.64211
1-Chloronaphthalene,0,1,1.47890,1.04488,0.02893,0.19557,6.02487
4-Chlorophenol,0,1,0.90465,1.03536,0.67744,0.23136,4.56944
Cinnamyl alcohol,0,1,1.05605,1.11152,0.41867,0.61695,5.49655
Coumarin,0,1,1.13207,1.36845,0.03042,0.48515,5.96670
4-Cyanophenol,0,1,0.99037,1.54541,0.88961,0.32652,5.31430
Cyclohexanone,0,1,0.42046,0.92666,0.02491,0.54526,3.98025
"1,3-Dibromobenzene",0,1,1.24170,0.92443,0.03631,0.08190,5.31225
Di-n-butyl phthalate,0,1,0.63792,1.23339,0.01203,0.93433,9.00057
Diethyl phthalate,0,1,0.75841,1.26717,0.00760,0.88525,7.42311
"2,6-Dimethylphenol",0,1,0.90135,0.76855,0.41287,0.41547,4.79060
Diphenyl ether,0,1,1.30207,1.08327,0.00759,0.21380,6.60370
Ethylbenzene,0,1,0.65227,0.53025,0.03004,0.17863,3.98924
Fluorene,0,1,1.79407,1.21982,0.00547,0.24501,6.96166
Heptan-2-one,0,1,0.10689,0.71775,0.02913,0.52034,3.83360
Hexanophenone,0,1,0.79436,0.97684,0.03017,0.52412,6.60658
4-Hydroxybenzaldehyde,0,1,1.05797,1.29161,0.71718,0.45322,5.06912
4-Hydroxybenzyl alcohol,0,1,0.97825,1.30994,0.91004,0.81866,5.28682
Indole,0,1,1.21630,1.30267,0.52019,0.18768,5.33018
Iodobenzene,0,1,1.30649,0.89690,0.02884,0.14502,4.69288
2-Methoxybenzaldehyde,0,1,1.07214,1.41605,-0.01189,0.48945,5.48290
2-Methoxynaphthalene,0,1,1.47490,1.09581,0.00643,0.36999,6.54636
Methyl benzoate,0,1,0.73627,0.99495,0.02767,0.48242,4.86982
Methylparaben,0,1,0.94340,1.29386,0.71696,0.56509,5.76025
2-Methylphenol,0,1,0.89008,0.83039,0.55602,0.31979,4.26047
4-Methylphenol,0,1,0.85638,0.84585,0.62103,0.34824,4.54440
Methyl salicylate,0,1,0.88427,0.79584,0.07587,0.53610,5.10356
Naphthalene,0,1,1.41682,0.96073,0.02024,0.26525,5.25927
2-Naphthaldehyde,0,1,1.57517,1.72283,-0.00997,0.41816,7.05753
1-Naphthol,0,1,1.57175,1.11363,0.59676,0.41893,6.35951
2-Naphthol,0,1,1.55955,1.11449,0.62031,0.41563,6.09503
Nicotinamide,0,1,1.01859,1.27479,0.65428,0.96076,5.14001
2-Nitroaniline,0,1,1.20677,1.37969,0.33334,0.42267,5.69115
4-Nitroaniline,0,1,1.30203,1.78955,0.49882,0.41306,5.87424
Nitrobenzene,0,1,0.96648,1.21925,0.01443,0.31086,4.66519
4-Nitrobenzyl alcohol,0,1,1.10515,1.41624,0.48846,0.67012,5.69002
1-Nitrohexane,0,1,0.19575,0.88357,0.01631,0.35234,4.41637
4-Nitrotoluene,0,1,0.89526,1.14388,0.02563,0.32428,5.24757
2-Nitrophenol,0,1,1.06292,0.99192,0.07590,0.44336,4.90405
3-Nitrophenol,0,1,1.15782,1.37622,0.86663,0.30901,5.35777
4-Nitrophenol,0,1,1.15396,1.49097,0.80648,0.30310,5.37400
Octanophenone,0,1,0.75858,0.96762,0.01933,0.50395,7.49023
Phenanthrene,0,1,2.25695,1.34408,0.01350,0.36819,8.05997
Phenol,0,1,0.85672,0.89432,0.60625,0.33425,3.69942
Pentafluorophenol,0,1,0.32945,0.75408,0.88165,0.08217,3.97656
Phenyl acetate,0,1,0.69422,1.20154,0.01498,0.56954,4.75338
2-Phenylethanol,0,1,0.79339,0.97407,0.36803,0.68759,4.55939
4-Phenylphenol,0,1,1.43362,1.28784,0.58291,0.50347,7.11032
1-Phenyl-2-propanol,0,1,0.78432,0.96174,0.36790,0.74125,5.17232
Phthalimide,0,1,1.22243,1.62609,0.52342,0.53544,6.14779
Progesterone,0,1,1.58570,3.24784,0.00397,1.10853,14.54823
Propriophenone,0,1,0.81029,1.02542,0.03427,0.52968,5.25267
Propylbenzene,0,1,0.68319,0.55051,0.02167,0.18731,4.51828
o-Tolualdehyde,0,1,0.92581,1.06476,0.01012,0.41942,4.93380
Toluene,0,1,0.65123,0.53849,0.03527,0.17626,3.56751
"1,2,3-Trimethylbenzene",0,1,0.77020,0.63813,0.02743,0.19525,4.70029
Valerophenone,0,1,0.79624,0.98649,0.01397,0.52358,6.18916
Vanillin,0,1,0.99526,1.43842,0.27898,0.58480,5.87771
m-Xylene,0,1,0.65121,0.53740,0.03419,0.17566,3.93446
p-Xylene,0,1,0.65625,0.53567,0.03008,0.17880,3.94645
2-Aminobiphenyl,0,1,1.65418,1.41314,0.29619,0.49521,7.60395
Aniline,0,1,1.00833,1.02814,0.30407,0.42031,3.94594
4-Chloroaniline,0,1,1.09129,1.19297,0.37129,0.31252,5.01253
"3,4-Dichloroaniline",0,1,1.20546,1.20238,0.36979,0.23688,5.53611
"N, N-Diethylaniline",0,1,0.95238,0.84210,0.02750,0.43209,5.37382
"N, N-Dimethylaniline",0,1,0.99742,0.86649,0.02292,0.42884,4.79495
Diphenylamine,0,1,1.48080,1.19355,0.32729,0.31903,7.17713
N-Ethylaniline,0,1,0.93434,0.97094,0.22907,0.48353,4.87023
4-Fluoroaniline,0,1,0.79413,1.18125,0.37100,0.40137,4.11774
8-Hydroxyquinoline,0,1,1.51286,1.10774,0.23113,0.55303,5.99971
2-Methylaniline,0,1,1.02980,0.98413,0.20251,0.54696,4.74727
3-Methylaniline,0,1,1.00548,1.04807,0.27495,0.44840,4.82960
4-Methylaniline,0,1,1.02138,1.02650,0.24934,0.49706,4.78472
Pyridine,0,1,0.68397,0.80916,0.02016,0.51706,3.00905
Quinoline,0,1,1.30162,1.02190,0.01270,0.55673,5.47488
Acetanilide,0,2,0.99065,1.37056,0.47431,0.68262,5.65224
Acetophenone,0,2,0.85288,1.03035,0.02888,0.51828,4.76971
4-Aminobenzonitrile,0,2,1.13864,1.79022,0.42728,0.47443,5.87287
Anisole,0,2,0.77196,0.81955,0.02235,0.30514,4.10841
Benzamide,0,2,1.06560,1.43122,0.55992,0.73169,5.45880
Benzaldehyde,0,2,0.86538,1.09783,0.03648,0.41426,4.44759
Benzene,0,2,0.66797,0.54743,0.00679,0.18518,2.96876
Benzenesulfonamide,0,2,1.16344,1.21915,0.45093,0.98859,5.74083
Benzofuran,0,2,0.97577,0.90869,0.00507,0.17463,4.48451
Benzonitrile,0,2,0.80798,1.15172,0.02261,0.40456,4.36159
Benzophenone,0,2,1.39006,1.39498,0.00775,0.56688,7.33508
Benzyl alcohol,0,2,0.86250,0.95001,0.37241,0.61246,4.58406
Benzyl benzoate,0,2,1.29980,1.40985,0.00593,0.53136,7.88630
Biphenyl,0,2,1.39305,1.02519,0.03273,0.27867,6.30845
2-Bromoacetophenone,0,2,1.12154,1.48216,0.02563,0.47282,6.06710
1-Bromonaphthalene,0,2,1.74701,1.12544,0.02555,0.19702,6.74516
3-Bromophenol,0,2,1.14030,1.11476,0.72541,0.23044,5.54688
Butan-2-one,0,2,0.23869,0.75582,0.02957,0.51788,2.69575
Butyrophenone,0,2,0.83363,1.00676,0.03711,0.52487,5.55090
Caffeine,0,2,1.42946,1.91844,0.11735,1.28308,7.83580
1-Chloronaphthalene,0,2,1.52456,1.02479,0.01445,0.17824,6.35037
4-Chlorophenol,0,2,0.99244,1.06348,0.72370,0.23438,5.16415
Cinnamyl alcohol,0,2,1.13296,1.04484,0.40292,0.61869,5.75425
Coumarin,0,2,1.15828,1.29470,0.00181,0.48399,5.71731
4-Cyanophenol,0,2,1.03188,1.67912,0.88394,0.34214,5.98464
Cyclohexanone,0,2,0.46136,0.95999,0.01965,0.57050,4.17614
"1,3-Dibromobenzene",0,2,1.25409,0.92463,0.01134,0.06056,5.59482
Di-n-butyl phthalate,0,2,0.71318,1.34364,0.01253,0.96499,9.23183
Diethyl phthalate,0,2,0.76257,1.41215,0.02858,0.88584,7.58797
"2,6-Dimethylphenol",0,2,0.90994,0.80193,0.43047,0.40029,5.17152
Diphenyl ether,0,2,1.23286,1.09115,0.00972,0.25339,6.48334
Ethylbenzene,0,2,0.68529,0.56328,0.01861,0.19385,4.04442
Fluorene,0,2,1.69504,1.20369,0.03047,0.23406,6.88301
Heptan-2-one,0,2,0.19818,0.74277,0.02607,0.54245,4.36629
Hexanophenone,0,2,0.82144,1.00383,0.02104,0.51619,6.68019
4-Hydroxybenzaldehyde,0,2,1.03919,1.44296,0.84945,0.43920,5.56922
4-Hydroxybenzyl alcohol,0,2,1.01990,1.27721,0.95977,0.81219,5.63255
Indole,0,2,1.28047,1.24610,0.46381,0.23513,5.49771
Iodobenzene,0,2,1.27479,0.91192,0.00711,0.12187,4.65775
2-Methoxybenzaldehyde,0,2,1.03923,1.41219,0.01567,0.54136,5.44152
2-Methoxynaphthalene,0,2,1.39273,1.17521,0.01555,0.36601,6.56995
Methyl benzoate,0,2,0.79817,1.06842,0.00932,0.47220,5.31864
Methylparaben,0,2,0.99259,1.51561,0.79493,0.43939,6.12950
2-Methylphenol,0,2,0.91333,0.87014,0.55786,0.34752,4.67189
4-Methylphenol,0,2,0.85761,0.90410,0.64205,0.31730,4.78268
Methyl salicylate,0,2,0.91812,0.95769,0.08056,0.48907,5.44480
Naphthalene,0,2,1.36606,0.93325,0.02882,0.23196,5.34062
2-Naphthaldehyde,0,2,1.53450,1.70100,0.02089,0.39262,7.14193
1-Naphthol,0,2,1.61528,1.15146,0.70283,0.34498,6.95546
2-Naphthol,0,2,1.59497,1.14627,0.72181,0.35666,6.73732
Nicotinamide,0,2,1.08504,1.25528,0.65571,1.00700,5.35032
2-Nitroaniline,0,2,1.23970,1.41068,0.28985,0.38765,5.82667
4-Nitroaniline,0,2,1.26006,1.90802,0.50905,0.37404,6.13238
Nitrobenzene,0,2,0.87241,1.15153,0.02464,0.28636,4.66585
4-Nitrobenzyl alcohol,0,2,1.11660,1.47570,0.52412,0.63409,5.98319
1-Nitrohexane,0,2,0.26748,1.00902,0.03333,0.33880,4.89116
4-Nitrotoluene,0,2,0.92602,1.21957,0.02712,0.30717,5.21004
2-Nitrophenol,0,2,1.00064,1.12465,0.10606,0.32448,4.96058
3-Nitrophenol,0,2,1.09480,1.53449,0.91163,0.23493,5.62840
4-Nitrophenol,0,2,1.05729,1.64915,0.86426,0.23425,5.73219
Octanophenone,0,2,0.80648,0.99642,0.02129,0.50123,7.80652
Phenanthrene,0,2,2.14381,1.35295,0.01943,0.31351,7.68491
Phenol,0,2,0.88321,0.90800,0.68003,0.32108,4.35305
Pentafluorophenol,0,2,0.32297,0.97797,0.84319,0.10241,3.46304
Phenyl acetate,0,2,0.72775,1.17913,0.00167,0.57333,4.68816
2-Phenylethanol,0,2,0.85888,0.94309,0.36775,0.69795,4.97522
4-Phenylphenol,0,2,1.44300,1.34660,0.70100,0.40750,7.73122
1-Phenyl-2-propanol,0,2,0.83254,0.95750,0.38586,0.73586,5.29134
Phthalimide,0,2,1.25065,1.72083,0.50205,0.53903,5.79138
Progesterone,0,2,1.53808,3.30886,0.01193,1.19277,14.50177
Propriophenone,0,2,0.82281,1.02280,0.03624,0.50841,5.12172
Propylbenzene,0,2,0.67579,0.56233,0.01627,0.20270,4.49556
o-Tolualdehyde,0,2,0.91615,1.04879,0.01820,0.41385,4.92331
Toluene,0,2,0.63619,0.59897,0.01916,0.16439,3.51633
"1,2,3-Trimethylbenzene",0,2,0.76793,0.68286,0.01775,0.21474,4.77828
Valerophenone,0,2,0.84107,1.00581,0.02704,0.53382,6.08972
Vanillin,0,2,1.04290,1.47651,0.27712,0.59759,6.04705
m-Xylene,0,2,0.65150,0.57234,0.01241,0.18560,3.88137
p-Xylene,0,2,0.64149,0.56938,0.01046,0.18464,3.94684
2-Aminobiphenyl,0,2,1.60399,1.52151,0.29648,0.45663,7.66143
Aniline,0,2,1.01956,1.02082,0.28300,0.41358,4.03373
4-Chloroaniline,0,2,1.15010,1.16629,0.29402,0.34091,5.03463
"3,4-Dichloroaniline",0,2,1.20779,1.21518,0.31511,0.25909,5.62447
"N, N-Diethylaniline",0,2,1.02683,0.88135,0.00813,0.43259,5.48935
"N, N-Dimethylaniline",0,2,1.03545,0.89884,0.01516,0.43370,4.92879
Diphenylamine,0,2,1.47931,1.18543,0.30285,0.35394,7.31549
N-Ethylaniline,0,2,1.04079,0.92567,0.20080,0.48608,5.04620
4-Fluoroaniline,0,2,0.81746,1.15752,0.29524,0.38956,4.15747
8-Hydroxyquinoline,0,2,1.47637,1.14627,0.20028,0.55328,6.30886
2-Methylaniline,0,2,1.01727,0.98519,0.16408,0.48636,4.67050
3-Methylaniline,0,2,1.01208,1.06725,0.26518,0.44294,4.86501
4-Methylaniline,0,2,1.01201,1.06572,0.22107,0.45735,4.80045
Pyridine,0,2,0.72854,0.86235,0.03548,0.59247,3.43595
Quinoline,0,2,1.29640,0.98593,0.02977,0.56620,5.52306
Acetanilide,0,3,0.94061,1.34087,0.50139,0.64787,5.78769
Acetophenone,0,3,0.82922,0.92953,0.01144,0.49752,4.68876
4-Aminobenzonitrile,0,3,1.16846,1.78437,0.37552,0.44859,5.91999
Anisole,0,3,0.81825,0.77766,0.02732,0.29639,4.28495
Benzamide,0,3,1.08287,1.31496,0.53872,0.74769,5.56469
Benzaldehyde,0,3,0.92221,0.96584,-0.02080,0.40871,4.52431
Benzene,0,3,0.68049,0.51996,-0.01048,0.13189,3.12622
Benzenesulfonamide,0,3,1.24096,1.15146,0.43356,1.01139,5.87617
Benzofuran,0,3,1.01148,0.87120,0.02886,0.12965,4.51458
Benzonitrile,0,3,0.78967,1.12841,0.03224,0.33422,4.43169
Benzophenone,0,3,1.42116,1.33506,0.00122,0.53614,7.67461
Benzyl alcohol,0,3,0.89048,0.93871,0.34028,0.60148,4.57908
Benzyl benzoate,0,3,1.31690,1.40117,0.02056,0.57944,8.00330
Biphenyl,0,3,1.43122,1.02042,0.01606,0.29399,6.60577
2-Bromoacetophenone,0,3,1.13544,1.41896,0.00572,0.43613,6.20070
1-Bromonaphthalene,0,3,1.77322,1.15466,0.00455,0.18933,7.05682
3-Bromophenol,0,3,1.17931,1.05591,0.70538,0.14918,5.47978
Butan-2-one,0,3,0.16813,0.67711,0.01909,0.53010,2.53918
Butyrophenone,0,3,0.81146,0.87472,0.01523,0.51906,5.61354
Caffeine,0,3,1.52831,1.84908,0.10488,1.22532,7.99626
1-Chloronaphthalene,0,3,1.56509,1.03108,0.00141,0.15410,6.07684
4-Chlorophenol,0,3,1.00702,1.03582,0.70063,0.18209,4.99398
Cinnamyl alcohol,0,3,1.14627,1.10901,0.37752,0.61356,5.89459
Coumarin,0,3,1.05262,1.26957,-0.00339,0.50034,5.69651
4-Cyanophenol,0,3,0.97396,1.59438,0.81758,0.26500,5.51926
Cyclohexanone,0,3,0.41236,0.89421,0.03656,0.56028,4.32092
"1,3-Dibromobenzene",0,3,1.17835,0.83327,0.01998,0.04747,5.35665
Di-n-butyl phthalate,0,3,0.74238,1.29632,0.02420,0.96852,9.29682
Diethyl phthalate,0,3,0.80149,1.25889,0.01734,0.94138,7.28633
"2,6-Dimethylphenol",0,3,0.91441,0.81340,0.42354,0.34371,5.00835
Diphenyl ether,0,3,1.28901,1.10840,0.03094,0.19423,6.67215
Ethylbenzene,0,3,0.64608,0.52970,0.01206,0.14361,4.12640
Fluorene,0,3,1.80448,1.19178,-0.00057,0.23208,7.05739
Heptan-2-one,0,3,0.11843,0.66785,0.00615,0.51551,4.23515
Hexanophenone,0,3,0.76338,0.90195,0.00777,0.48482,6.63916
4-Hydroxybenzaldehyde,0,3,1.12696,1.34672,0.74997,0.44525,5.41482
4-Hydroxybenzyl alcohol,0,3,1.10957,1.25946,0.87964,0.84781,5.77975
Indole,0,3,1.26334,1.22441,0.45831,0.19228,5.56808
Iodobenzene,0,3,1.21540,0.82855,0.00153,0.10999,4.56757
2-Methoxybenzaldehyde,0,3,0.98497,1.27035,-0.04133,0.53588,5.52702
2-Methoxynaphthalene,0,3,1.51825,1.17680,0.01770,0.35865,6.79097
Methyl benzoate,0,3,0.76936,0.97658,0.01079,0.46528,5.05654
Methylparaben,0,3,1.01148,1.41655,0.75078,0.46809,5.95640
2-Methylphenol,0,3,0.92518,0.88532,0.53803,0.28321,4.47053
4-Methylphenol,0,3,0.86990,0.84936,0.59083,0.28091,4.63733
Methyl salicylate,0,3,0.90225,0.88523,0.06409,0.47845,5.29281
Naphthalene,0,3,1.44423,0.92405,0.00257,0.24183,5.47047
2-Naphthaldehyde,0,3,1.63933,1.65586,0.00548,0.41277,7.11061
1-Naphthol,0,3,1.61538,1.13211,0.63996,0.38771,6.68030
2-Naphthol,0,3,1.59417,1.13335,0.65285,0.38901,6.57565
Nicotinamide,0,3,1.05198,1.19534,0.61595,0.96743,5.34101
2-Nitroaniline,0,3,1.25476,1.37529,0.30958,0.39285,5.80547
4-Nitroaniline,0,3,1.28790,1.81890,0.46142,0.36143,6.20774
Nitrobenzene,0,3,0.90945,1.11162,-0.00482,0.31850,4.94657
4-Nitrobenzyl alcohol,0,3,1.15134,1.37537,0.45525,0.64974,6.01448
1-Nitrohexane,0,3,0.25001,0.89103,0.01428,0.26862,4.83102
4-Nitrotoluene,0,3,0.94382,1.11334,0.02624,0.28210,5.45259
2-Nitrophenol,0,3,1.08496,1.01019,0.06275,0.33861,5.03643
3-Nitrophenol,0,3,1.10788,1.38141,0.85778,0.25579,5.65126
4-Nitrophenol,0,3,1.12142,1.45102,0.85966,0.27381,5.90230
Octanophenone,0,3,0.73456,0.91854,0.00088,0.47034,7.68063
Phenanthrene,0,3,2.25117,1.33732,-0.00363,0.29965,8.08947
Phenol,0,3,0.87312,0.92917,0.64434,0.25175,4.09500
Pentafluorophenol,0,3,0.36931,0.67446,0.89931,0.12016,4.15463
Phenyl acetate,0,3,0.76452,1.10255,0.03805,0.52114,4.64969
2-Phenylethanol,0,3,0.88527,0.95139,0.34366,0.67242,5.03869
4-Phenylphenol,0,3,1.53730,1.34139,0.61215,0.44241,7.41931
1-Phenyl-2-propanol,0,3,0.84146,0.95602,0.34223,0.71963,5.25213
Phthalimide,0,3,1.27778,1.47182,0.47834,0.53341,6.02233
Progesterone,0,3,1.62272,3.25478,0.00250,1.14688,14.56393
Propriophenone,0,3,0.80215,0.88554,0.01268,0.50387,5.09540
Propylbenzene,0,3,0.64739,0.52237,0.00985,0.15826,4.36739
o-Tolualdehyde,0,3,0.94768,0.93014,-0.00047,0.40633,4.91292
Toluene,0,3,0.63312,0.56768,0.00806,0.14248,3.67934
"1,2,3-Trimethylbenzene",0,3,0.75614,0.62914,0.01034,0.17575,4.76285
Valerophenone,0,3,0.81738,0.87189,0.01347,0.52636,6.28098
Vanillin,0,3,1.13628,1.47474,0.27218,0.53737,6.13478
m-Xylene,0,3,0.62900,0.54773,0.00248,0.16370,3.99445
p-Xylene,0,3,0.63420,0.55096,0.00475,0.16807,4.03105
2-Aminobiphenyl,0,3,1.63803,1.48282,0.26678,0.48196,7.83929
Aniline,0,3,1.05777,0.97006,0.25080,0.42886,4.38783
4-Chloroaniline,0,3,1.21243,1.18685,0.30604,0.31577,5.34913
"3,4-Dichloroaniline",0,3,1.29023,1.23485,0.31011,0.22977,6.16287
"N, N-Diethylaniline",0,3,0.96383,0.84767,0.00627,0.40760,5.47988
"N, N-Dimethylaniline",0,3,0.98211,0.84766,0.00529,0.37444,4.75691
Diphenylamine,0,3,1.47105,1.18349,0.30204,0.30513,7.59334
N-Ethylaniline,0,3,0.99644,0.90289,0.18586,0.44111,5.09566
4-Fluoroaniline,0,3,0.85104,1.05509,0.25488,0.39898,4.19082
8-Hydroxyquinoline,0,3,1.63431,1.16769,0.19098,0.53983,6.43259
2-Methylaniline,0,3,1.00762,0.95305,0.16268,0.51488,4.96268
3-Methylaniline,0,3,1.00873,1.04356,0.20949,0.43763,5.04106
4-Methylaniline,0,3,0.97495,1.04769,0.18643,0.46335,5.14438
Pyridine,0,3,0.70888,0.81512,0.01034,0.53590,3.24091
Quinoline,0,3,1.34411,1.00084,0.03624,0.53765,5.69904
Acetanilide,0,4,1.01811,1.32293,0.44909,0.72580,6.14473
Acetophenone,0,4,0.81859,0.91582,0.01074,0.50885,4.52173
4-Aminobenzonitrile,0,4,1.17984,1.81259,0.42506,0.52572,5.98368
Anisole,0,4,0.74818,0.77850,0.01404,0.34141,4.04311
Benzamide,0,4,1.06195,1.36135,0.51261,0.73945,5.82990
Benzaldehyde,0,4,0.87726,1.04620,0.01791,0.43420,4.66018
Benzene,0,4,0.69192,0.51442,0.01490,0.19541,3.06587
Benzenesulfonamide,0,4,1.24196,1.12428,0.47021,1.08724,6.20664
Benzofuran,0,4,0.96649,0.87836,0.01305,0.18570,4.45945
Benzonitrile,0,4,0.82322,1.12987,0.02044,0.38911,4.39640
Benzophenone,0,4,1.46321,1.33124,0.01608,0.54714,7.68075
Benzyl alcohol,0,4,0.88142,0.96213,0.35589,0.60691,4.72419
Benzyl benzoate,0,4,1.28960,1.30820,0.01911,0.60368,7.99219
Biphenyl,0,4,1.47001,1.02674,0.02139,0.31848,6.45214
2-Bromoacetophenone,0,4,1.16790,1.42040,0.02233,0.48504,6.21469
1-Bromonaphthalene,0,4,1.72099,1.09411,0.02063,0.24541,6.87521
3-Bromophenol,0,4,1.15268,1.07775,0.69608,0.30548,5.42224
Butan-2-one,0,4,0.20470,0.67898,0.02472,0.57584,2.65763
Butyrophenone,0,4,0.84674,0.93549,0.00804,0.54015,5.75724
Caffeine,0,4,1.43524,1.64863,0.13487,1.23147,7.33861
1-Chloronaphthalene,0,4,1.51734,1.04222,0.02099,0.18962,6.27736
4-Chlorophenol,0,4,1.00641,1.13530,0.69312,0.29320,5.11245
Cinnamyl alcohol,0,4,1.13622,1.07351,0.38058,0.62261,5.89421
Coumarin,0,4,1.13519,1.21732,0.01950,0.52434,5.46516
4-Cyanophenol,0,4,1.06043,1.62022,0.84345,0.36046,5.73983
Cyclohexanone,0,4,0.41318,0.89007,0.02452,0.61322,4.31629
"1,3-Dibromobenzene",0,4,1.24501,0.85544,0.01706,0.11153,5.47951
Di-n-butyl phthalate,0,4,0.69530,1.26351,0.01576,0.97303,9.16538
Diethyl phthalate,0,4,0.78766,1.28454,0.01299,0.97013,7.46113
"2,6-Dimethylphenol",0,4,0.88438,0.80790,0.36259,0.42765,4.96763
Diphenyl ether,0,4,1.28848,1.12952,0.01154,0.27694,6.50516
Ethylbenzene,0,4,0.66435,0.53691,0.01441,0.21036,3.83898
Fluorene,0,4,1.78076,1.15277,0.01058,0.27772,7.29863
Heptan-2-one,0,4,0.15265,0.69305,0.01919,0.57251,4.12449
Hexanophenone,0,4,0.82305,0.96002,0.01783,0.53377,6.89615
4-Hydroxybenzaldehyde,0,4,1.09087,1.35402,0.78368,0.53803,5.70071
4-Hydroxybenzyl alcohol,0,4,1.15109,1.34649,0.90237,0.87142,5.99571
Indole,0,4,1.34341,1.29823,0.42972,0.28007,5.71953
Iodobenzene,0,4,1.27079,0.84185,0.01028,0.17541,4.82610
2-Methoxybenzaldehyde,0,4,1.01087,1.36480,-0.00684,0.54255,5.60847
2-Methoxynaphthalene,0,4,1.49318,1.13197,0.01882,0.41527,6.62858
Methyl benzoate,0,4,0.75724,0.91245,0.01096,0.45536,4.91881
Methylparaben,0,4,0.99725,1.38907,0.71439,0.52324,5.91233
2-Methylphenol,0,4,0.90669,0.85218,0.50635,0.41021,4.49882
4-Methylphenol,0,4,0.87872,0.94516,0.58318,0.39108,4.68324
Methyl salicylate,0,4,0.95736,0.84324,0.04736,0.53084,5.24197
Naphthalene,0,4,1.38729,0.90027,0.02326,0.27081,5.39995
2-Naphthaldehyde,0,4,1.54163,1.68828,0.02392,0.44505,7.32994
1-Naphthol,0,4,1.64404,1.21389,0.62064,0.45113,6.83182
2-Naphthol,0,4,1.62569,1.22796,0.65354,0.47861,6.64357
Nicotinamide,0,4,1.09393,1.20676,0.60696,1.00411,5.49897
2-Nitroaniline,0,4,1.28129,1.37119,0.34302,0.38148,6.10306
4-Nitroaniline,0,4,1.30718,1.87976,0.54037,0.37138,6.44793
Nitrobenzene,0,4,0.93846,1.14311,-0.01049,0.29333,4.96739
4-Nitrobenzyl alcohol,0,4,1.12750,1.41074,0.46021,0.67411,6.32654
1-Nitrohexane,0,4,0.24604,0.91490,0.01752,0.31033,4.63904
4-Nitrotoluene,0,4,0.95741,1.12821,0.01987,0.29593,5.70158
2-Nitrophenol,0,4,1.14151,1.11247,0.04417,0.42706,5.38333
3-Nitrophenol,0,4,1.16457,1.49722,0.89362,0.29926,5.97500
4-Nitrophenol,0,4,1.13228,1.60289,0.82037,0.26493,6.14410
Octanophenone,0,4,0.79401,0.93077,0.02073,0.53272,7.94947
Phenanthrene,0,4,2.25507,1.28508,0.01631,0.33043,8.21886
Phenol,0,4,0.91984,0.94322,0.61228,0.39509,4.03734
Pentafluorophenol,0,4,0.38697,0.71307,0.75702,0.16747,3.78472
Phenyl acetate,0,4,0.70401,1.09424,0.00835,0.52978,4.66590
2-Phenylethanol,0,4,0.87755,0.93918,0.35423,0.70687,5.05049
4-Phenylphenol,0,4,1.54621,1.36002,0.60324,0.55201,7.62968
1-Phenyl-2-propanol,0,4,0.84525,0.94185,0.33654,0.74819,5.57550
Phthalimide,0,4,1.24226,1.56615,0.54343,0.55716,5.93955
Progesterone,0,4,1.60191,3.29184,0.00112,1.16862,14.72114
Propriophenone,0,4,0.83559,0.91723,0.00633,0.53775,5.12559
Propylbenzene,0,4,0.65939,0.53364,0.01133,0.22173,4.43312
o-Tolualdehyde,0,4,0.89394,0.97818,0.01152,0.44870,5.08203
Toluene,0,4,0.64836,0.57297,0.01646,0.20648,3.42516
"1,2,3-Trimethylbenzene",0,4,0.74558,0.60204,0.00934,0.23373,4.77524
Valerophenone,0,4,0.83946,0.94573,0.01032,0.53315,6.28914
Vanillin,0,4,1.05429,1.55611,0.24679,0.68307,6.56766
m-Xylene,0,4,0.62859,0.52489,0.01431,0.21046,3.82709
p-Xylene,0,4,0.63176,0.53691,0.01393,0.20763,3.85735
2-Aminobiphenyl,0,4,1.68370,1.42504,0.26560,0.51358,7.79851
Aniline,0,4,1.03395,0.96804,0.23812,0.44403,4.01384
4-Chloroaniline,0,4,1.14693,1.10514,0.33233,0.36311,5.14683
"3,4-Dichloroaniline",0,4,1.26021,1.19158,0.32404,0.28239,5.94775
"N, N-Diethylaniline",0,4,0.97839,0.80587,-0.00307,0.47515,5.38846
"N, N-Dimethylaniline",0,4,1.00812,0.79089,0.01319,0.47039,4.75341
Diphenylamine,0,4,1.49966,1.15273,0.29028,0.38415,7.28721
N-Ethylaniline,0,4,1.01489,0.88958,0.15696,0.53771,4.98216
4-Fluoroaniline,0,4,0.76672,1.08358,0.27680,0.42734,4.02561
8-Hydroxyquinoline,0,4,1.60198,1.15427,0.17713,0.62050,6.38257
2-Methylaniline,0,4,1.02343,0.94741,0.13989,0.56542,4.55977
3-Methylaniline,0,4,1.00174,1.07321,0.23082,0.51074,4.74385
4-Methylaniline,0,4,0.99025,1.05170,0.19587,0.49549,4.65087
Pyridine,0,4,0.70645,0.83614,0.02547,0.60172,3.14275
Quinoline,0,4,1.32942,0.96808,0.02948,0.60343,5.48038
Acetanilide,1,0,0.94257,1.46692,0.50226,0.71270,5.77544
Acetophenone,1,0,0.82700,1.05891,0.00819,0.50604,4.52662
4-Aminobenzonitrile,1,0,1.14073,1.79235,0.43353,0.43877,5.79146
Anisole,1,0,0.73846,0.82082,0.02375,0.27359,4.26341
Benzamide,1,0,1.02146,1.43310,0.55203,0.80392,5.28036
Benzaldehyde,1,0,0.85850,1.04556,0.02272,0.41059,4.33394
Benzene,1,0,0.67776,0.56039,0.01894,0.16102,2.96535
Benzenesulfonamide,1,0,1.22675,1.20500,0.52193,1.03328,5.80433
Benzofuran,1,0,0.92749,0.89246,0.02569,0.15123,4.56510
Benzonitrile,1,0,0.85514,1.18500,0.03716,0.33124,4.63401
Benzophenone,1,0,1.42900,1.39789,0.00857,0.50254,7.42133
Benzyl alcohol,1,0,0.88012,0.91955,0.33303,0.54497,4.40389
Benzyl benzoate,1,0,1.35103,1.40282,0.00322,0.54578,8.04703
Biphenyl,1,0,1.41592,1.13332,0.03899,0.26321,6.89420
2-Bromoacetophenone,1,0,1.11284,1.46277,0.01843,0.48779,6.52792
1-Bromonaphthalene,1,0,1.74649,1.23075,0.03564,0.13500,7.48311
3-Bromophenol,1,0,1.14412,1.02220,0.64261,0.21601,5.26333
Butan-2-one,1,0,0.14788,0.69333,0.01366,0.49750,2.37657
Butyrophenone,1,0,0.81131,0.98447,0.00116,0.50034,5.40182
Caffeine,1,0,1.46560,2.02594,0.06145,1.19188,7.64860
1-Chloronaphthalene,1,0,1.54534,1.07224,0.03045,0.11257,6.48236
4-Chlorophenol,1,0,0.97435,1.09317,0.78537,0.16164,4.93353
Cinnamyl alcohol,1,0,1.13823,1.03678,0.39221,0.60025,5.73786
Coumarin,1,0,1.28968,1.70962,0.00398,0.53404,6.38855
4-Cyanophenol,1,0,1.07128,1.67465,0.94567,0.22467,5.69702
Cyclohexanone,1,0,0.44754,0.96572,0.00293,0.56144,3.97930
"1,3-Dibromobenzene",1,0,1.20507,0.92906,0.03690,0.01876,5.83833
Di-n-butyl phthalate,1,0,0.71175,1.28396,0.03322,0.94644,9.39234
Diethyl phthalate,1,0,0.75808,1.32861,0.03330,0.90569,7.39846
"2,6-Dimethylphenol",1,0,0.91394,0.86327,0.42075,0.34636,5.30028
Diphenyl ether,1,0,1.34895,1.23704,0.00572,0.20349,7.33546
Ethylbenzene,1,0,0.67640,0.60092,0.01724,0.17320,4.10279
Fluorene,1,0,1.78989,1.29913,0.03254,0.18174,7.30384
Heptan-2-one,1,0,0.15619,0.73843,0.00689,0.49007,3.94905
Hexanophenone,1,0,0.81657,1.01632,0.01646,0.49713,6.58201
4-Hydroxybenzaldehyde,1,0,1.03723,1.46807,0.80622,0.43589,5.74372
4-Hydroxybenzyl alcohol,1,0,1.12252,1.28463,0.97230,0.83830,5.39439
Indole,1,0,1.24835,1.34806,0.51754,0.20696,5.75653
Iodobenzene,1,0,1.24558,0.92087,0.02949,0.09320,5.05291
2-Methoxybenzaldehyde,1,0,1.02408,1.21342,0.01665,0.59057,5.76346
2-Methoxynaphthalene,1,0,1.51169,1.30659,0.02344,0.30141,7.14773
Methyl benzoate,1,0,0.79601,0.85599,0.00711,0.47576,5.08564
Methylparaben,1,0,0.99468,1.41042,0.73023,0.46031,6.26188
2-Methylphenol,1,0,0.93271,0.92234,0.57360,0.33134,4.85224
4-Methylphenol,1,0,0.86840,0.95899,0.65245,0.32911,4.65650
Methyl salicylate,1,0,0.87430,0.91041,0.05872,0.44381,5.39863
Naphthalene,1,0,1.43631,0.99528,0.03953,0.25052,5.57733
2-Naphthaldehyde,1,0,1.64920,1.76522,0.01718,0.37243,7.45119
1-Naphthol,1,0,1.60828,1.19037,0.69562,0.35744,6.75180
2-Naphthol,1,0,1.62203,1.16100,0.68881,0.37454,6.57054
Nicotinamide,1,0,1.04421,1.33589,0.66857,1.04777,5.22255
2-Nitroaniline,1,0,1.23781,1.49612,0.35109,0.39648,5.79102
4-Nitroaniline,1,0,1.26928,1.91067,0.52060,0.41781,6.06784
Nitrobenzene,1,0,0.91817,1.21958,0.02385,0.29284,4.82038
4-Nitrobenzyl alcohol,1,0,1.12898,1.44213,0.51497,0.62463,6.00680
1-Nitrohexane,1,0,0.23721,0.99535,0.01639,0.27252,4.79223
4-Nitrotoluene,1,0,0.91704,1.19526,0.01671,0.30525,5.34365
2-Nitrophenol,1,0,1.12823,1.20111,0.07623,0.41302,5.20575
3-Nitrophenol,1,0,1.13651,1.53259,0.90741,0.26520,5.58966
4-Nitrophenol,1,0,1.11800,1.66482,0.98036,0.23221,5.66606
Octanophenone,1,0,0.80217,1.01882,0.02190,0.49226,7.64952
Phenanthrene,1,0,2.29636,1.44370,0.02833,0.28366,8.36551
Phenol,1,0,0.88718,0.97281,0.65271,0.28908,4.14424
Pentafluorophenol,1,0,0.42416,0.81033,0.81743,0.16499,3.56096
Phenyl acetate,1,0,0.67681,1.19484,0.02358,0.53069,4.66571
2-Phenylethanol,1,0,0.87926,1.01383,0.37198,0.63699,4.82609
4-Phenylphenol,1,0,1.45982,1.34201,0.66561,0.40717,7.83746
1-Phenyl-2-propanol,1,0,0.81855,0.91702,0.38124,0.65566,4.81754
Phthalimide,1,0,1.27897,1.71324,0.35284,0.65079,6.41352
Progesterone,1,0,1.54874,3.38737,0.00365,1.13452,13.35375
Propriophenone,1,0,0.80517,0.96770,-0.00356,0.50245,4.83306
Propylbenzene,1,0,0.68783,0.57367,0.01131,0.18426,4.67010
o-Tolualdehyde,1,0,0.94938,1.01429,0.01534,0.39831,5.03168
Toluene,1,0,0.65135,0.59839,0.02085,0.17661,3.76639
"1,2,3-Trimethylbenzene",1,0,0.77764,0.67697,0.00559,0.17521,4.88279
Valerophenone,1,0,0.80675,1.00699,0.00850,0.50023,5.96708
Vanillin,1,0,1.04125,1.37103,0.29383,0.67860,6.33134
m-Xylene,1,0,0.68995,0.61757,0.01543,0.18179,4.19712
p-Xylene,1,0,0.68136,0.61134,0.01601,0.17650,4.19993
2-Aminobiphenyl,1,0,1.70575,1.53896,0.26885,0.46169,7.83578
Aniline,1,0,1.01503,1.05527,0.29243,0.41999,4.17027
4-Chloroaniline,1,0,1.10423,1.17955,0.37848,0.30644,4.98243
"3,4-Dichloroaniline",1,0,1.19956,1.27626,0.36550,0.23905,5.88243
"N, N-Diethylaniline",1,0,0.97216,0.89123,0.01494,0.42310,5.76748
"N, N-Dimethylaniline",1,0,0.97785,0.83754,0.01660,0.40417,5.07650
Diphenylamine,1,0,1.52292,1.23706,0.36302,0.28849,7.55153
N-Ethylaniline,1,0,0.94504,0.91729,0.21945,0.54582,5.15026
4-Fluoroaniline,1,0,0.80607,1.17894,0.33881,0.41347,4.17055
8-Hydroxyquinoline,1,0,1.55834,1.09111,0.02952,0.59483,6.24688
2-Methylaniline,1,0,1.01692,1.04318,0.22656,0.48568,4.66765
3-Methylaniline,1,0,0.99435,1.10384,0.27139,0.43977,4.53182
4-Methylaniline,1,0,0.99121,1.06509,0.24349,0.44864,4.69404
Pyridine,1,0,0.68294,0.84079,0.03917,0.56098,3.19721
Quinoline,1,0,1.43049,1.05275,0.01895,0.55686,5.90408
Acetanilide,1,1,0.92090,1.43454,0.49617,0.68744,5.66019
Acetophenone,1,1,0.84508,0.96184,0.03579,0.49260,4.65152
4-Aminobenzonitrile,1,1,1.15508,1.86575,0.41028,0.47905,5.96408
Anisole,1,1,0.77313,0.75679,0.01631,0.31220,3.81460
Benzamide,1,1,1.08120,1.43352,0.56904,0.76522,5.63113
Benzaldehyde,1,1,0.81874,0.97178,-0.00186,0.45721,4.03403
Benzene,1,1,0.65224,0.50093,0.01229,0.17221,2.44358
Benzenesulfonamide,1,1,1.22006,1.22825,0.47967,1.07672,6.24297
Benzofuran,1,1,0.98065,0.93792,0.03430,0.15833,4.37157
Benzonitrile,1,1,0.76977,1.14231,0.03999,0.39223,4.21446
Benzophenone,1,1,1.41706,1.32289,0.01614,0.50910,7.47403
Benzyl alcohol,1,1,0.88228,0.90991,0.34632,0.61970,4.44478
Benzyl benzoate,1,1,1.31812,1.40680,0.02898,0.58449,8.02690
Biphenyl,1,1,1.41680,1.03040,0.01915,0.28037,6.38299
2-Bromoacetophenone,1,1,1.12298,1.43617,0.03311,0.48908,6.09476
1-Bromonaphthalene,1,1,1.71307,1.18264,0.02133,0.15843,7.17557
3-Bromophenol,1,1,1.20683,1.10070,0.58264,0.24459,5.11848
Butan-2-one,1,1,0.21461,0.76073,0.03453,0.53430,2.44828
Butyrophenone,1,1,0.82471,0.96393,0.02720,0.52511,5.61252
Caffeine,1,1,1.45851,1.92333,0.12434,1.24181,7.76111
1-Chloronaphthalene,1,1,1.51818,1.06813,0.01656,0.17623,6.25765
4-Chlorophenol,1,1,1.01119,1.06489,0.71716,0.23510,4.71829
Cinnamyl alcohol,1,1,1.15422,1.02655,0.36866,0.66502,5.67007
Coumarin,1,1,1.25495,1.61074,0.03561,0.52478,5.85185
4-Cyanophenol,1,1,1.07764,1.70216,0.93957,0.30632,5.78907
Cyclohexanone,1,1,0.44767,0.92005,0.01640,0.56790,3.99538
"1,3-Dibromobenzene",1,1,1.20230,0.86695,0.02026,0.06892,5.25325
Di-n-butyl phthalate,1,1,0.75014,1.28908,0.03523,0.97661,9.21038
Diethyl phthalate,1,1,0.79049,1.32830,0.03810,0.93446,7.49827
"2,6-Dimethylphenol",1,1,0.89830,0.80468,0.42563,0.37620,4.88307
Diphenyl ether,1,1,1.26058,1.18067,0.01768,0.23953,6.52748
Ethylbenzene,1,1,0.61757,0.53339,0.02507,0.17428,3.65903
Fluorene,1,1,1.76965,1.19281,0.01271,0.26691,7.43216
Heptan-2-one,1,1,0.17814,0.74691,0.03279,0.56147,4.00374
Hexanophenone,1,1,0.80973,0.95301,0.02715,0.53249,6.67532
4-Hydroxybenzaldehyde,1,1,1.05889,1.34896,0.73130,0.51183,5.16905
4-Hydroxybenzyl alcohol,1,1,1.09067,1.28088,0.88673,0.87593,5.51480
Indole,1,1,1.27780,1.29542,0.47953,0.19339,5.64433
Iodobenzene,1,1,1.26941,0.84577,0.02042,0.14522,4.68031
2-Methoxybenzaldehyde,1,1,1.00103,1.18008,0.03494,0.64422,5.34252
2-Methoxynaphthalene,1,1,1.50048,1.18047,0.02354,0.39036,6.67082
Methyl benzoate,1,1,0.77815,0.93111,0.01701,0.49868,4.77114
Methylparaben,1,1,1.02279,1.50541,0.71803,0.49404,5.99684
2-Methylphenol,1,1,0.86222,0.85015,0.54293,0.33476,4.28788
4-Methylphenol,1,1,0.92424,0.92834,0.60803,0.32378,4.45766
Methyl salicylate,1,1,0.94366,0.98002,0.07122,0.50865,5.11903
Naphthalene,1,1,1.40860,0.93846,0.01972,0.23637,5.36648
2-Naphthaldehyde,1,1,1.51210,1.62422,0.01434,0.46495,7.00034
1-Naphthol,1,1,1.58141,1.19557,0.64044,0.36640,6.40325
2-Naphthol,1,1,1.58492,1.19361,0.64626,0.37545,6.37407
Nicotinamide,1,1,1.08843,1.31717,0.64257,1.02210,5.43733
2-Nitroaniline,1,1,1.26841,1.44004,0.32994,0.37551,5.91622
4-Nitroaniline,1,1,1.33030,1.90825,0.43495,0.36755,6.18503
Nitrobenzene,1,1,0.89586,1.13210,0.02226,0.26949,4.43818
4-Nitrobenzyl alcohol,1,1,1.23885,1.49406,0.49931,0.66407,6.26188
1-Nitrohexane,1,1,0.26579,1.00790,0.03613,0.35674,4.56034
4-Nitrotoluene,1,1,0.92272,1.10199,0.02597,0.30906,5.28443
2-Nitrophenol,1,1,1.05315,1.13485,0.06446,0.44557,4.82214
3-Nitrophenol,1,1,1.15419,1.57480,0.86510,0.24132,5.57741
4-Nitrophenol,1,1,1.16695,1.74908,0.92412,0.23503,5.79379
Octanophenone,1,1,0.79082,0.92941,0.02632,0.53439,7.78726
Phenanthrene,1,1,2.24265,1.30951,0.01787,0.33329,8.10215
Phenol,1,1,0.87486,0.91322,0.64676,0.32055,3.92847
Pentafluorophenol,1,1,0.36935,0.78002,0.83199,0.12276,3.76925
Phenyl acetate,1,1,0.69895,1.17011,0.03244,0.56995,4.58833
2-Phenylethanol,1,1,0.87343,1.03211,0.35063,0.69089,4.96233
4-Phenylphenol,1,1,1.52490,1.36360,0.61313,0.45412,7.40430
1-Phenyl-2-propanol,1,1,0.87400,0.91975,0.38930,0.71404,5.12257
Phthalimide,1,1,1.20124,1.72576,0.44563,0.60398,6.15182
Progesterone,1,1,1.51392,3.27621,0.01112,1.19675,14.04130
Propriophenone,1,1,0.83909,0.93719,0.02517,0.50842,5.03751
Propylbenzene,1,1,0.64814,0.52485,0.02062,0.18149,4.14498
o-Tolualdehyde,1,1,0.87933,0.96244,0.02845,0.46632,4.50225
Toluene,1,1,0.63778,0.49598,0.01327,0.17865,3.18741
"1,2,3-Trimethylbenzene",1,1,0.74226,0.57856,0.01531,0.21395,4.56939
Valerophenone,1,1,0.79648,0.96039,0.02699,0.52043,6.18258
Vanillin,1,1,1.09865,1.30568,0.30445,0.73437,6.02493
m-Xylene,1,1,0.63793,0.51116,0.01763,0.17856,3.75647
p-Xylene,1,1,0.63587,0.50205,0.01416,0.18625,3.71095
2-Aminobiphenyl,1,1,1.64432,1.51123,0.28663,0.46553,7.88253
Aniline,1,1,1.00372,1.04107,0.26695,0.40589,3.94786
4-Chloroaniline,1,1,1.12733,1.21505,0.31691,0.38537,5.23728
"3,4-Dichloroaniline",1,1,1.21096,1.27236,0.35134,0.30048,5.80131
"N, N-Diethylaniline",1,1,0.98555,0.82531,0.01688,0.49478,5.48544
"N, N-Dimethylaniline",1,1,0.99215,0.83799,0.00073,0.47101,4.86445
Diphenylamine,1,1,1.45036,1.26161,0.34442,0.34382,7.12849
N-Ethylaniline,1,1,0.99060,0.97131,0.20613,0.55902,5.18616
4-Fluoroaniline,1,1,0.84277,1.10343,0.30809,0.41763,4.17791
8-Hydroxyquinoline,1,1,1.44759,1.10572,0.04154,0.56189,5.95913
2-Methylaniline,1,1,1.00913,0.95528,0.20871,0.48783,4.47639
3-Methylaniline,1,1,0.99946,1.09779,0.24981,0.45831,4.70922
4-Methylaniline,1,1,0.99029,1.02290,0.22609,0.46620,4.68087
Pyridine,1,1,0.71795,0.87518,0.02841,0.55081,2.79825
Quinoline,1,1,1.34875,1.07205,0.03060,0.55980,5.49291
Acetanilide,1,2,0.95008,1.41443,0.49805,0.67937,5.95586
Acetophenone,1,2,0.87959,1.03578,0.01494,0.48775,5.15516
4-Aminobenzonitrile,1,2,1.18568,1.78889,0.40506,0.47799,6.35287
Anisole,1,2,0.81471,0.79604,0.02066,0.26853,4.54946
Benzamide,1,2,1.06268,1.41075,0.56920,0.74987,6.02646
Benzaldehyde,1,2,0.89609,0.98137,0.01155,0.38181,4.68341
Benzene,1,2,0.66615,0.47495,0.01066,0.15708,3.24605
Benzenesulfonamide,1,2,1.22409,1.15786,0.51660,1.06907,6.21512
Benzofuran,1,2,0.99415,0.86728,0.01709,0.13145,4.74718
Benzonitrile,1,2,0.83330,1.20663,0.02949,0.36702,4.75724
Benzophenone,1,2,1.42029,1.38892,-0.00561,0.55451,7.82941
Benzyl alcohol,1,2,0.85293,0.89679,0.39200,0.58557,4.58902
Benzyl benzoate,1,2,1.32691,1.35160,0.02150,0.57413,8.18093
Biphenyl,1,2,1.40595,0.98193,0.01375,0.26033,6.74232
2-Bromoacetophenone,1,2,1.16548,1.49062,0.02212,0.49031,6.38544
1-Bromonaphthalene,1,2,1.73793,1.12318,0.02360,0.16604,7.16515
3-Bromophenol,1,2,1.18430,0.99904,0.66125,0.22815,5.51164
Butan-2-one,1,2,0.22845,0.71693,0.02415,0.54576,2.60534
Butyrophenone,1,2,0.86939,1.02989,0.00852,0.54789,5.96135
Caffeine,1,2,1.50146,1.93056,0.05775,1.29104,7.89428
1-Chloronaphthalene,1,2,1.56581,0.99139,0.01503,0.15927,6.46379
4-Chlorophenol,1,2,1.05816,1.02526,0.73413,0.16107,5.31528
Cinnamyl alcohol,1,2,1.15525,1.03325,0.41561,0.62610,6.06474
Coumarin,1,2,1.29114,1.56686,0.01975,0.50921,6.33722
4-Cyanophenol,1,2,1.09926,1.70440,0.90090,0.26215,5.98723
Cyclohexanone,1,2,0.47831,0.93402,0.00611,0.56749,4.57793
"1,3-Dibromobenzene",1,2,1.23785,0.88248,0.03233,0.04279,5.59568
Di-n-butyl phthalate,1,2,0.70866,1.31153,0.02371,0.93566,9.30331
Diethyl phthalate,1,2,0.79085,1.30493,0.02794,0.92586,7.59333
"2,6-Dimethylphenol",1,2,0.87532,0.85074,0.41932,0.42340,5.34740
Diphenyl ether,1,2,1.37779,1.14357,0.02300,0.24715,7.17605
Ethylbenzene,1,2,0.67668,0.51536,0.01420,0.11723,4.26403
Fluorene,1,2,1.80073,1.17505,0.00914,0.25840,7.48851
Heptan-2-one,1,2,0.20498,0.72376,0.02473,0.53483,4.28600
Hexanophenone,1,2,0.82253,1.02082,0.02234,0.55622,6.86628
4-Hydroxybenzaldehyde,1,2,1.09215,1.42312,0.77532,0.45073,5.95607
4-Hydroxybenzyl alcohol,1,2,1.10695,1.34499,0.93906,0.83650,6.00896
Indole,1,2,1.27656,1.22149,0.48907,0.19232,5.46526
Iodobenzene,1,2,1.29167,0.85919,0.02829,0.12818,4.90047
2-Methoxybenzaldehyde,1,2,1.03030,1.22856,0.02598,0.56124,5.86875
2-Methoxynaphthalene,1,2,1.59169,1.14819,0.03055,0.38160,7.06910
Methyl benzoate,1,2,0.77010,0.86652,0.02150,0.45222,5.04644
Methylparaben,1,2,1.00911,1.46081,0.76276,0.48163,6.31012
2-Methylphenol,1,2,0.87732,0.89342,0.55378,0.35523,4.76264
4-Methylphenol,1,2,0.92046,0.96345,0.65510,0.32231,5.14548
Methyl salicylate,1,2,0.92162,0.82762,0.03537,0.49644,5.54758
Naphthalene,1,2,1.44018,0.90098,0.02093,0.22220,5.87483
2-Naphthaldehyde,1,2,1.60237,1.65680,0.01562,0.39610,7.45881
1-Naphthol,1,2,1.64245,1.22149,0.67003,0.40633,7.07851
2-Naphthol,1,2,1.66101,1.22120,0.67963,0.43056,7.14669
Nicotinamide,1,2,1.10633,1.20764,0.66674,1.01887,5.89175
2-Nitroaniline,1,2,1.26597,1.44610,0.33156,0.39754,6.30817
4-Nitroaniline,1,2,1.31404,1.85422,0.50993,0.42414,6.55361
Nitrobenzene,1,2,0.88428,1.11314,0.03478,0.26961,4.95616
4-Nitrobenzyl alcohol,1,2,1.11027,1.41078,0.53624,0.61453,5.86549
1-Nitrohexane,1,2,0.24408,1.01354,0.01964,0.36086,4.93973
4-Nitrotoluene,1,2,0.91406,1.15157,0.02449,0.24933,5.69005
2-Nitrophenol,1,2,1.04719,1.12582,0.07864,0.44920,5.54923
3-Nitrophenol,1,2,1.17630,1.47805,0.89058,0.26149,5.98620
4-Nitrophenol,1,2,1.15293,1.68150,0.95099,0.24088,6.14531
Octanophenone,1,2,0.79772,1.01563,0.00958,0.53454,8.02311
Phenanthrene,1,2,2.24988,1.25001,0.01996,0.32896,8.34997
Phenol,1,2,0.89997,0.92507,0.64109,0.32199,4.46442
Pentafluorophenol,1,2,0.48160,0.83698,0.85793,0.13208,4.08400
Phenyl acetate,1,2,0.66637,1.09027,0.01804,0.57595,4.85071
2-Phenylethanol,1,2,0.88750,0.99000,0.38945,0.68721,5.23208
4-Phenylphenol,1,2,1.56163,1.40570,0.65684,0.49021,8.13162
1-Phenyl-2-propanol,1,2,0.84404,0.90700,0.42418,0.71229,5.51722
Phthalimide,1,2,1.27448,1.69099,0.36752,0.63482,6.45873
Progesterone,1,2,1.56811,3.45395,-0.00177,1.17351,14.92242
Propriophenone,1,2,0.87306,1.02164,0.00783,0.53098,5.54538
Propylbenzene,1,2,0.64971,0.49869,0.00771,0.12892,4.73941
o-Tolualdehyde,1,2,0.94125,0.95631,0.01331,0.42183,5.32603
Toluene,1,2,0.68635,0.51700,0.01340,0.14259,3.91437
"1,2,3-Trimethylbenzene",1,2,0.80483,0.62189,0.01202,0.17928,5.31398
Valerophenone,1,2,0.84688,1.01985,0.01087,0.55755,6.34202
Vanillin,1,2,1.04932,1.30931,0.29500,0.71370,6.18763
m-Xylene,1,2,0.68140,0.53528,0.00944,0.15993,4.46398
p-Xylene,1,2,0.68710,0.52764,0.00717,0.15686,4.51803
2-Aminobiphenyl,1,2,1.68156,1.52821,0.27072,0.50087,8.17892
Aniline,1,2,1.01753,1.03404,0.26868,0.42074,4.53692
4-Chloroaniline,1,2,1.14226,1.21166,0.30259,0.36658,5.58226
"3,4-Dichloroaniline",1,2,1.27092,1.27216,0.33817,0.27643,6.41338
"N, N-Diethylaniline",1,2,0.98450,0.85369,-0.00012,0.42324,5.69327
"N, N-Dimethylaniline",1,2,1.00179,0.87470,0.01274,0.40524,5.36658
Diphenylamine,1,2,1.50976,1.19785,0.29687,0.33764,7.46609
N-Ethylaniline,1,2,0.99969,0.92037,0.19772,0.53466,5.19153
4-Fluoroaniline,1,2,0.84063,1.15046,0.31371,0.41971,4.56981
8-Hydroxyquinoline,1,2,1.49393,1.02732,0.02732,0.59258,6.50703
2-Methylaniline,1,2,1.07285,0.96916,0.20776,0.48934,4.96788
3-Methylaniline,1,2,1.04690,1.10958,0.25343,0.44112,4.92933
4-Methylaniline,1,2,1.02909,1.04069,0.23412,0.45154,5.00604
Pyridine,1,2,0.70517,0.80496,0.01774,0.56114,3.51337
Quinoline,1,2,1.39590,1.04732,-0.00856,0.49878,5.85270
Acetanilide,1,3,0.94767,1.41048,0.53699,0.67966,6.14519
Acetophenone,1,3,0.84443,1.11006,0.03992,0.51619,4.92395
4-Aminobenzonitrile,1,3,1.15587,1.88248,0.43384,0.44794,6.20300
Anisole,1,3,0.76814,0.84031,0.03726,0.27460,4.21386
Benzamide,1,3,1.03502,1.45940,0.58174,0.69133,5.42084
Benzaldehyde,1,3,0.86347,1.07161,0.02990,0.42877,4.50836
Benzene,1,3,0.66524,0.56329,0.02568,0.16435,2.96381
Benzenesulfonamide,1,3,1.16852,1.26249,0.51812,0.97486,5.87107
Benzofuran,1,3,0.97298,0.94581,0.01812,0.15506,4.54704
Benzonitrile,1,3,0.79143,1.17420,0.04863,0.37955,4.45448
Benzophenone,1,3,1.48910,1.40098,0.01696,0.55670,7.89799
Benzyl alcohol,1,3,0.89924,0.94237,0.33790,0.57806,4.62805
Benzyl benzoate,1,3,1.32549,1.38934,0.01448,0.54942,8.48557
Biphenyl,1,3,1.46829,1.10950,0.02072,0.25930,6.99646
2-Bromoacetophenone,1,3,1.14413,1.49202,0.03436,0.51309,6.06485
1-Bromonaphthalene,1,3,1.73786,1.20642,0.02054,0.17259,7.28506
3-Bromophenol,1,3,1.15671,1.06550,0.65375,0.24685,5.16371
Butan-2-one,1,3,0.15817,0.80518,0.04899,0.57363,2.48828
Butyrophenone,1,3,0.84935,1.04684,0.01974,0.56051,5.74384
Caffeine,1,3,1.43619,1.93619,0.09887,1.22254,7.93052
1-Chloronaphthalene,1,3,1.53893,1.08946,0.00983,0.16392,6.43959
4-Chlorophenol,1,3,0.96965,1.12244,0.79570,0.21998,5.01029
Cinnamyl alcohol,1,3,1.18028,1.08100,0.37794,0.61192,6.09878
Coumarin,1,3,1.26503,1.70426,0.01191,0.51168,6.28398
4-Cyanophenol,1,3,0.98835,1.66801,0.98329,0.28825,5.82384
Cyclohexanone,1,3,0.44604,1.02086,0.03854,0.61886,4.23744
"1,3-Dibromobenzene",1,3,1.23180,0.88507,0.01775,0.06203,5.34445
Di-n-butyl phthalate,1,3,0.68976,1.31689,0.03110,0.98384,9.57900
Diethyl phthalate,1,3,0.77780,1.32851,0.01535,0.93870,7.60539
"2,6-Dimethylphenol",1,3,0.90009,0.86657,0.46269,0.41533,5.27631
Diphenyl ether,1,3,1.34889,1.08999,0.05871,0.27025,7.32407
Ethylbenzene,1,3,0.68980,0.57761,0.03193,0.18437,3.95502
Fluorene,1,3,1.81997,1.29595,0.00816,0.24171,7.44910
Heptan-2-one,1,3,0.14605,0.81410,0.03601,0.58907,3.94765
Hexanophenone,1,3,0.87951,1.04619,0.03626,0.57218,6.89598
4-Hydroxybenzaldehyde,1,3,1.06850,1.44530,0.82890,0.49095,5.44152
4-Hydroxybenzyl alcohol,1,3,1.11781,1.45061,0.91648,0.81359,5.88387
Indole,1,3,1.23711,1.37199,0.50678,0.17919,5.89559
Iodobenzene,1,3,1.26004,0.85052,0.00423,0.14909,4.74693
2-Methoxybenzaldehyde,1,3,0.94654,1.21538,0.04397,0.60598,5.53648
2-Methoxynaphthalene,1,3,1.50467,1.23056,0.03780,0.36574,7.00255
Methyl benzoate,1,3,0.75246,0.85771,0.04440,0.46346,4.95777
Methylparaben,1,3,0.96394,1.47885,0.79723,0.51045,6.03886
2-Methylphenol,1,3,0.87692,0.89855,0.58075,0.34964,4.74676
4-Methylphenol,1,3,0.89470,0.98998,0.66801,0.36297,4.91581
Methyl salicylate,1,3,0.89881,0.91391,0.07558,0.55426,5.40709
Naphthalene,1,3,1.43664,0.99928,0.01831,0.22793,5.71070
2-Naphthaldehyde,1,3,1.56770,1.76327,0.01638,0.45618,7.58201
1-Naphthol,1,3,1.60825,1.30924,0.69660,0.36088,7.12897
2-Naphthol,1,3,1.61456,1.30770,0.69201,0.38187,6.98141
Nicotinamide,1,3,1.08296,1.34409,0.66473,0.97839,5.24014
2-Nitroaniline,1,3,1.23046,1.49571,0.36289,0.38593,5.81439
4-Nitroaniline,1,3,1.28143,1.96574,0.54014,0.38747,6.48584
Nitrobenzene,1,3,0.94050,1.17736,0.04470,0.29163,4.92414
4-Nitrobenzyl alcohol,1,3,1.14707,1.39553,0.52995,0.62418,6.17717
1-Nitrohexane,1,3,0.23381,1.04852,0.03105,0.33476,4.75064
4-Nitrotoluene,1,3,0.96025,1.17375,0.05399,0.30608,5.68757
2-Nitrophenol,1,3,1.13674,1.33106,0.23233,0.46097,5.21313
3-Nitrophenol,1,3,1.12827,1.54066,0.94908,0.22678,5.76616
4-Nitrophenol,1,3,1.13108,1.71812,1.01066,0.23428,6.01270
Octanophenone,1,3,0.85444,1.01904,0.03819,0.57022,7.86138
Phenanthrene,1,3,2.25262,1.40006,0.00918,0.30827,8.28190
Phenol,1,3,0.86010,0.93343,0.68095,0.30533,4.34704
Pentafluorophenol,1,3,0.40170,0.88011,0.91295,0.11336,3.63848
Phenyl acetate,1,3,0.71948,1.18180,0.02942,0.55494,4.70542
2-Phenylethanol,1,3,0.89999,1.04585,0.35518,0.68024,5.10489
4-Phenylphenol,1,3,1.48884,1.42263,0.68949,0.45716,8.04809
1-Phenyl-2-propanol,1,3,0.83787,0.92177,0.37761,0.67789,5.26416
Phthalimide,1,3,1.08281,2.03518,0.50363,0.54264,6.49562
Progesterone,1,3,1.51057,3.48923,0.01727,1.19022,14.32811
Propriophenone,1,3,0.85548,1.06827,0.01618,0.53146,5.24772
Propylbenzene,1,3,0.69875,0.55371,0.03412,0.17645,4.45820
o-Tolualdehyde,1,3,0.92754,1.01901,0.03286,0.47823,5.16384
Toluene,1,3,0.69310,0.58993,0.02911,0.19849,3.53874
"1,2,3-Trimethylbenzene",1,3,0.80747,0.64470,0.02193,0.22319,4.89848
Valerophenone,1,3,0.84575,1.01990,0.02420,0.56982,6.20621
Vanillin,1,3,1.06363,1.36052,0.37938,0.76572,5.90710
m-Xylene,1,3,0.70438,0.57006,0.03034,0.19123,4.02158
p-Xylene,1,3,0.70559,0.56722,0.03102,0.19116,4.00440
2-Aminobiphenyl,1,3,1.74749,1.52107,0.30293,0.47760,8.22673
Aniline,1,3,1.02866,1.01068,0.29499,0.40165,4.26677
4-Chloroaniline,1,3,1.15022,1.25807,0.33840,0.35432,5.39106
"3,4-Dichloroaniline",1,3,1.23334,1.29682,0.37792,0.26495,6.02870
"N, N-Diethylaniline",1,3,0.99209,0.84183,0.01052,0.42339,5.72834
"N, N-Dimethylaniline",1,3,1.04422,0.88995,0.02201,0.41095,5.24028
Diphenylamine,1,3,1.55936,1.22292,0.32576,0.28643,7.72097
N-Ethylaniline,1,3,1.00678,0.92603,0.21451,0.51134,5.33312
4-Fluoroaniline,1,3,0.87507,1.18535,0.33655,0.43710,4.17803
8-Hydroxyquinoline,1,3,1.57758,1.25792,0.01701,0.63149,6.29551
2-Methylaniline,1,3,1.05192,1.00852,0.25659,0.48242,5.02637
3-Methylaniline,1,3,1.02809,1.12382,0.30019,0.45034,4.83871
4-Methylaniline,1,3,1.01891,1.08258,0.28484,0.48268,5.01317
Pyridine,1,3,0.73682,0.96169,0.00899,0.54691,3.24708
Quinoline,1,3,1.42828,1.13392,0.01742,0.52096,5.60925
Acetanilide,1,4,0.96687,1.42832,0.49095,0.64443,5.90088
Acetophenone,1,4,0.83747,1.02220,0.03984,0.48364,4.69969
4-Aminobenzonitrile,1,4,1.15867,1.81676,0.40024,0.48432,5.81596
Anisole,1,4,0.74508,0.74668,0.02564,0.25507,3.98538
Benzamide,1,4,1.05335,1.34281,0.52709,0.74839,5.58231
Benzaldehyde,1,4,0.86800,1.02025,0.02986,0.40807,4.20527
Benzene,1,4,0.64434,0.49640,0.02276,0.14609,2.90752
Benzenesulfonamide,1,4,1.22548,1.13994,0.51675,1.01145,6.06355
Benzofuran,1,4,0.92598,0.89789,0.04400,0.20556,4.35432
Benzonitrile,1,4,0.82043,1.15885,0.04385,0.38055,4.34399
Benzophenone,1,4,1.40597,1.33551,0.02539,0.49046,7.61573
Benzyl alcohol,1,4,0.81591,0.88082,0.32805,0.60248,4.49391
Benzyl benzoate,1,4,1.32007,1.35931,0.01079,0.52714,8.29502
Biphenyl,1,4,1.41908,1.00805,0.02017,0.26897,6.47986
2-Bromoacetophenone,1,4,1.14842,1.40005,0.05677,0.45320,6.05764
1-Bromonaphthalene,1,4,1.70113,1.13760,-0.00260,0.19784,7.05459
3-Bromophenol,1,4,1.13235,0.94905,0.60218,0.25778,5.10490
Butan-2-one,1,4,0.19480,0.63984,0.04367,0.51220,2.37490
Butyrophenone,1,4,0.80871,0.97676,0.03533,0.51229,5.49243
Caffeine,1,4,1.35105,1.89081,0.10644,1.29236,7.85419
1-Chloronaphthalene,1,4,1.45818,1.00589,0.02658,0.19794,6.13453
4-Chlorophenol,1,4,0.93540,1.11574,0.80700,0.21808,4.79407
Cinnamyl alcohol,1,4,1.06027,0.99516,0.35917,0.64139,5.84100
Coumarin,1,4,1.24692,1.56505,0.02982,0.51701,6.13442
4-Cyanophenol,1,4,1.02228,1.66824,0.90338,0.32302,5.69989
Cyclohexanone,1,4,0.38417,0.88146,0.03723,0.59488,3.93537
"1,3-Dibromobenzene",1,4,1.18828,0.84741,0.02866,0.06531,5.34511
Di-n-butyl phthalate,1,4,0.72751,1.24293,0.01914,0.97283,9.25550
Diethyl phthalate,1,4,0.78842,1.24977,0.03181,0.93225,7.48537
"2,6-Dimethylphenol",1,4,0.85657,0.80496,0.41816,0.39805,4.92790
Diphenyl ether,1,4,1.35248,1.08973,0.02585,0.28994,6.97624
Ethylbenzene,1,4,0.65025,0.53861,0.02014,0.17097,4.05690
Fluorene,1,4,1.76195,1.19203,0.01351,0.23893,7.16304
Heptan-2-one,1,4,0.13879,0.71880,0.04085,0.54077,3.84720
Hexanophenone,1,4,0.80501,0.94131,0.03531,0.52263,6.57495
4-Hydroxybenzaldehyde,1,4,1.11412,1.42156,0.82334,0.48474,5.54614
4-Hydroxybenzyl alcohol,1,4,1.09120,1.34722,0.89190,0.84428,5.69776
Indole,1,4,1.24209,1.29139,0.47436,0.18586,5.52258
Iodobenzene,1,4,1.21939,0.80606,0.02199,0.15505,4.69055
2-Methoxybenzaldehyde,1,4,0.97384,1.13637,0.03049,0.58977,5.51544
2-Methoxynaphthalene,1,4,1.45478,1.14850,0.00812,0.35733,6.71899
Methyl benzoate,1,4,0.75695,0.86921,0.00774,0.45030,4.65996
Methylparaben,1,4,0.96785,1.43181,0.73771,0.44505,6.14386
2-Methylphenol,1,4,0.87915,0.90082,0.55998,0.34929,4.58891
4-Methylphenol,1,4,0.84540,0.95178,0.61255,0.35907,4.49509
Methyl salicylate,1,4,0.91718,0.86127,0.04149,0.50104,5.17905
Naphthalene,1,4,1.36219,0.91774,0.01717,0.25891,5.17684
2-Naphthaldehyde,1,4,1.55156,1.69497,0.01411,0.42608,7.06745
1-Naphthol,1,4,1.51453,1.18457,0.65776,0.40099,6.71361
2-Naphthol,1,4,1.52240,1.19201,0.66032,0.41183,6.74549
Nicotinamide,1,4,1.06912,1.25235,0.66039,0.97486,5.19637
2-Nitroaniline,1,4,1.28419,1.45718,0.36656,0.41686,6.06322
4-Nitroaniline,1,4,1.30253,1.88393,0.48144,0.41441,6.43477
Nitrobenzene,1,4,0.92172,1.09259,0.02056,0.28625,4.67646
4-Nitrobenzyl alcohol,1,4,1.07724,1.47740,0.46880,0.59609,5.47534
1-Nitrohexane,1,4,0.25175,1.00411,0.03195,0.32455,4.67683
4-Nitrotoluene,1,4,0.93991,1.12018,0.01743,0.29921,5.32260
2-Nitrophenol,1,4,1.11623,1.11922,0.09986,0.45477,4.86135
3-Nitrophenol,1,4,1.12361,1.41715,0.88176,0.25566,5.37107
4-Nitrophenol,1,4,1.09273,1.62622,0.94889,0.21112,5.53454
Octanophenone,1,4,0.80251,0.95769,0.02775,0.51550,7.68091
Phenanthrene,1,4,2.22268,1.32524,0.00995,0.33254,8.03777
Phenol,1,4,0.84129,0.95320,0.65235,0.30973,4.17008
Pentafluorophenol,1,4,0.41096,0.78825,0.79902,0.13518,3.57059
Phenyl acetate,1,4,0.73672,1.10387,0.04300,0.53957,4.52616
2-Phenylethanol,1,4,0.79011,0.97045,0.35162,0.68621,4.96529
4-Phenylphenol,1,4,1.46333,1.40173,0.59856,0.46301,7.71725
1-Phenyl-2-propanol,1,4,0.75462,0.84900,0.36560,0.72699,4.98132
Phthalimide,1,4,1.17442,1.72902,0.44170,0.63431,5.78083
Progesterone,1,4,1.49151,3.31905,0.01718,1.20705,13.65136
Propriophenone,1,4,0.82306,0.98690,0.04330,0.50384,4.95664
Propylbenzene,1,4,0.62686,0.52184,0.01790,0.18336,4.53348
o-Tolualdehyde,1,4,0.92306,0.98738,0.03310,0.43610,4.88570
Toluene,1,4,0.62983,0.55433,0.02664,0.15841,3.40602
"1,2,3-Trimethylbenzene",1,4,0.72647,0.64253,0.02329,0.19106,4.75992
Valerophenone,1,4,0.80203,0.93825,0.02840,0.51433,5.95480
Vanillin,1,4,1.04551,1.27363,0.31809,0.71314,5.93198
m-Xylene,1,4,0.64173,0.54472,0.02288,0.17190,3.91119
p-Xylene,1,4,0.63828,0.55601,0.02186,0.17727,3.93753
2-Aminobiphenyl,1,4,1.69047,1.47612,0.26252,0.46561,7.96874
Aniline,1,4,1.01194,1.07132,0.28354,0.41486,4.29819
4-Chloroaniline,1,4,1.15757,1.18630,0.31894,0.37994,5.29657
"3,4-Dichloroaniline",1,4,1.19785,1.26818,0.34677,0.31588,6.00901
"N, N-Diethylaniline",1,4,0.98342,0.83421,0.01680,0.42176,5.68485
"N, N-Dimethylaniline",1,4,0.99321,0.81690,0.02286,0.40511,5.10752
Diphenylamine,1,4,1.53090,1.20106,0.30772,0.27217,7.56805
N-Ethylaniline,1,4,0.97864,0.92756,0.22203,0.49520,5.22748
4-Fluoroaniline,1,4,0.82791,1.13454,0.31845,0.44060,4.51491
8-Hydroxyquinoline,1,4,1.50228,1.09816,0.08362,0.63550,6.33527
2-Methylaniline,1,4,1.03146,1.05991,0.23505,0.49169,4.99398
3-Methylaniline,1,4,0.98538,1.14672,0.28980,0.43056,5.06422
4-Methylaniline,1,4,0.97165,1.07278,0.25220,0.45633,4.97555
Pyridine,1,4,0.69677,0.77561,0.03161,0.49113,3.13093
Quinoline,1,4,1.41856,1.03661,0.02738,0.55726,5.64995
Acetanilide,2,0,0.92031,1.57738,0.39877,0.72215,5.73807
Acetophenone,2,0,0.86283,1.04969,0.04041,0.48744,4.99599
4-Aminobenzonitrile,2,0,1.15727,1.60052,0.43219,0.53380,5.62257
Anisole,2,0,0.74240,0.81025,0.03545,0.31418,4.07315
Benzamide,2,0,1.03370,1.37604,0.56152,0.73555,5.63660
Benzaldehyde,2,0,0.81512,0.99816,0.02864,0.40216,4.03734
Benzene,2,0,0.61813,0.52674,0.01202,0.14321,2.97172
Benzenesulfonamide,2,0,1.17510,1.16435,0.51378,1.01702,5.83413
Benzofuran,2,0,0.96410,0.87305,0.01735,0.12727,4.44368
Benzonitrile,2,0,0.81883,1.25439,0.02409,0.38085,4.39815
Benzophenone,2,0,1.36665,1.32751,0.03450,0.53542,7.74018
Benzyl alcohol,2,0,0.82790,0.91500,0.33761,0.59687,4.33245
Benzyl benzoate,2,0,1.28655,1.32637,0.02305,0.59947,8.09296
Biphenyl,2,0,1.37962,1.04581,0.03490,0.22990,6.51442
2-Bromoacetophenone,2,0,1.10496,1.42366,0.03065,0.47247,6.42914
1-Bromonaphthalene,2,0,1.66860,1.10751,0.02963,0.15778,7.09885
3-Bromophenol,2,0,1.07883,1.15355,0.72488,0.23870,5.55449
Butan-2-one,2,0,0.18269,0.70251,0.04976,0.49554,2.63447
Butyrophenone,2,0,0.83120,0.98908,0.03138,0.51708,5.73024
Caffeine,2,0,1.42582,1.73121,0.12708,1.17423,7.48704
1-Chloronaphthalene,2,0,1.46873,1.03033,0.01910,0.15273,6.23352
4-Chlorophenol,2,0,0.97734,1.15357,0.81756,0.20454,5.00884
Cinnamyl alcohol,2,0,1.00214,0.99981,0.28555,0.69474,5.47675
Coumarin,2,0,1.23962,1.62004,0.03752,0.51126,5.94758
4-Cyanophenol,2,0,1.10710,1.52717,1.02752,0.47733,5.83099
Cyclohexanone,2,0,0.42418,0.89164,0.03104,0.55291,4.20521
"1,3-Dibromobenzene",2,0,1.18783,0.88368,0.03461,0.02732,5.72549
Di-n-butyl phthalate,2,0,0.69367,1.28299,0.02798,0.96511,9.17980
Diethyl phthalate,2,0,0.71706,1.26565,0.03550,0.93419,7.32672
"2,6-Dimethylphenol",2,0,0.89208,0.79777,0.43433,0.42192,4.96921
Diphenyl ether,2,0,1.26089,1.16576,0.05196,0.22059,6.80719
Ethylbenzene,2,0,0.62158,0.57417,0.00843,0.15104,3.99141
Fluorene,2,0,1.70561,1.12892,0.03993,0.22710,7.25959
Heptan-2-one,2,0,0.16163,0.67499,0.03862,0.51037,4.09105
Hexanophenone,2,0,0.80526,0.98340,0.03893,0.52147,6.72658
4-Hydroxybenzaldehyde,2,0,1.01766,1.36483,0.86078,0.50411,5.16175
4-Hydroxybenzyl alcohol,2,0,1.09182,1.18251,1.19407,0.90659,5.91671
Indole,2,0,1.26501,1.25570,0.46308,0.20836,5.49423
Iodobenzene,2,0,1.20653,0.79273,0.01162,0.13884,4.87066
2-Methoxybenzaldehyde,2,0,0.94867,1.29535,0.03670,0.57662,5.31837
2-Methoxynaphthalene,2,0,1.48382,1.19131,0.04069,0.37199,6.89217
Methyl benzoate,2,0,0.76003,0.86969,0.02546,0.47380,4.97518
Methylparaben,2,0,0.92147,1.46875,0.72525,0.53795,5.84403
2-Methylphenol,2,0,0.86231,0.83740,0.54322,0.38562,4.52546
4-Methylphenol,2,0,0.85787,0.93650,0.63284,0.35070,4.59774
Methyl salicylate,2,0,0.86648,0.90009,0.07512,0.55768,5.12163
Naphthalene,2,0,1.38310,0.87062,0.02551,0.19526,5.38495
2-Naphthaldehyde,2,0,1.55499,1.67217,0.03340,0.45700,7.11783
1-Naphthol,2,0,1.55283,1.25653,0.69420,0.34775,6.44189
2-Naphthol,2,0,1.55605,1.35222,0.78494,0.32092,6.44376
Nicotinamide,2,0,1.04846,1.29199,0.63903,0.97509,5.56984
2-Nitroaniline,2,0,1.27310,1.52947,0.28036,0.35847,6.14430
4-Nitroaniline,2,0,1.29779,1.77436,0.48832,0.40762,6.06093
Nitrobenzene,2,0,0.92498,1.15865,0.03152,0.33350,4.95953
4-Nitrobenzyl alcohol,2,0,1.17664,1.33303,0.45735,0.68509,6.23255
1-Nitrohexane,2,0,0.21023,0.94396,0.01530,0.31584,4.72023
4-Nitrotoluene,2,0,0.92577,1.16811,0.03822,0.32055,5.57672
2-Nitrophenol,2,0,1.07922,1.06798,0.11190,0.41582,5.18004
3-Nitrophenol,2,0,1.11520,1.47655,0.90870,0.28012,5.77253
4-Nitrophenol,2,0,1.09547,1.57628,0.93153,0.24395,5.93874
Octanophenone,2,0,0.77915,0.97840,0.02718,0.51104,7.60449
Phenanthrene,2,0,2.23504,1.31809,0.03484,0.25497,8.04225
Phenol,2,0,0.83109,0.97101,0.66475,0.30773,4.08507
Pentafluorophenol,2,0,0.39295,0.79608,0.85475,0.19163,3.82991
Phenyl acetate,2,0,0.66450,1.17399,0.02948,0.53976,4.51914
2-Phenylethanol,2,0,0.80701,1.00955,0.39141,0.64957,4.63775
4-Phenylphenol,2,0,1.40174,1.40586,0.65048,0.42280,7.41790
1-Phenyl-2-propanol,2,0,0.72786,0.84712,0.31739,0.73339,5.06058
Phthalimide,2,0,1.19408,1.76171,0.36418,0.61692,5.99713
Progesterone,2,0,1.49632,3.38409,0.00912,1.09365,13.59126
Propriophenone,2,0,0.85760,1.00121,0.03821,0.50923,5.31307
Propylbenzene,2,0,0.62792,0.53375,0.01172,0.16928,4.32465
o-Tolualdehyde,2,0,0.87253,0.95350,0.01287,0.45669,4.63417
Toluene,2,0,0.62924,0.52207,0.00672,0.16678,3.51908
"1,2,3-Trimethylbenzene",2,0,0.73681,0.63770,0.01599,0.20182,4.78664
Valerophenone,2,0,0.82491,0.97869,0.03003,0.51657,6.23124
Vanillin,2,0,1.04707,1.36368,0.33901,0.73300,5.93465
m-Xylene,2,0,0.64403,0.52351,0.01025,0.18975,3.98592
p-Xylene,2,0,0.63525,0.51890,0.00726,0.19777,4.02033
2-Aminobiphenyl,2,0,1.63352,1.56233,0.30089,0.46127,7.72398
Aniline,2,0,0.95565,1.04951,0.30085,0.39922,3.87903
4-Chloroaniline,2,0,1.11653,1.26459,0.38292,0.35978,5.09199
"3,4-Dichloroaniline",2,0,1.19430,1.25972,0.39031,0.28182,5.88813
"N, N-Diethylaniline",2,0,0.94357,0.81379,0.02564,0.43859,5.24461
"N, N-Dimethylaniline",2,0,0.94519,0.88614,0.02992,0.41370,4.77403
Diphenylamine,2,0,1.49134,1.47750,0.23528,0.40726,7.31601
N-Ethylaniline,2,0,0.92863,0.98937,0.19968,0.49019,4.91428
4-Fluoroaniline,2,0,0.79128,1.11808,0.34013,0.43797,3.96099
8-Hydroxyquinoline,2,0,1.55292,1.23961,0.38054,0.56148,6.21183
2-Methylaniline,2,0,0.96328,1.00254,0.24731,0.49744,4.50347
3-Methylaniline,2,0,0.95572,1.04245,0.31217,0.46392,4.61714
4-Methylaniline,2,0,0.92259,1.02139,0.28386,0.51029,4.63291
Pyridine,2,0,0.65703,0.82038,0.03129,0.51571,3.12492
Quinoline,2,0,1.35323,1.06053,0.04625,0.51909,5.60023
Acetanilide,2,1,1.01143,1.47515,0.46416,0.72720,5.79171
Acetophenone,2,1,0.79322,1.00289,0.03032,0.46383,4.80396
4-Aminobenzonitrile,2,1,1.04924,1.66649,0.41003,0.51022,5.69902
Anisole,2,1,0.68275,0.71749,0.04139,0.28396,4.13558
Benzamide,2,1,1.02374,1.32941,0.52249,0.67844,5.46696
Benzaldehyde,2,1,0.85505,1.05130,0.00977,0.37673,4.37282
Benzene,2,1,0.63584,0.52201,0.01053,0.13852,3.08751
Benzenesulfonamide,2,1,1.16545,1.10817,0.47177,1.02564,5.79641
Benzofuran,2,1,0.88769,0.83122,0.01449,0.11146,4.53714
Benzonitrile,2,1,0.74263,1.24886,0.02233,0.34572,4.39964
Benzophenone,2,1,1.32670,1.27282,0.04036,0.52458,7.78742
Benzyl alcohol,2,1,0.81011,0.90507,0.38342,0.55560,4.48903
Benzyl benzoate,2,1,1.26510,1.36892,0.01619,0.55423,8.22786
Biphenyl,2,1,1.33582,0.98335,0.02116,0.24659,6.52019
2-Bromoacetophenone,2,1,1.04701,1.43518,0.01526,0.44048,6.25283
1-Bromonaphthalene,2,1,1.55285,1.10766,0.02424,0.14729,6.92223
3-Bromophenol,2,1,1.00718,1.11349,0.68886,0.19666,5.24677
Butan-2-one,2,1,0.19623,0.67507,0.03543,0.52099,2.30954
Butyrophenone,2,1,0.77946,0.92414,0.02397,0.47722,5.67071
Caffeine,2,1,1.42955,1.77602,0.14396,1.19405,7.65814
1-Chloronaphthalene,2,1,1.38596,1.00350,0.02970,0.15163,6.30295
4-Chlorophenol,2,1,0.90848,1.08722,0.74961,0.18322,4.98235
Cinnamyl alcohol,2,1,1.02088,0.94971,0.32433,0.65931,5.41136
Coumarin,2,1,1.22262,1.57501,0.02608,0.52145,6.24698
4-Cyanophenol,2,1,0.93358,1.54853,0.87799,0.34300,5.18020
Cyclohexanone,2,1,0.41707,0.93963,0.02887,0.53235,3.99550
"1,3-Dibromobenzene",2,1,1.13461,0.85843,0.03748,0.04835,5.42851
Di-n-butyl phthalate,2,1,0.71104,1.30528,0.02818,0.97185,9.34533
Diethyl phthalate,2,1,0.71897,1.24614,0.02480,0.89327,7.29349
"2,6-Dimethylphenol",2,1,0.82587,0.73960,0.42432,0.36778,4.94561
Diphenyl ether,2,1,1.18437,1.06658,0.03266,0.17812,6.72446
Ethylbenzene,2,1,0.59678,0.52762,0.02394,0.14427,3.97588
Fluorene,2,1,1.60404,1.08705,0.02031,0.24615,7.16986
Heptan-2-one,2,1,0.15034,0.66348,0.00943,0.51877,3.94344
Hexanophenone,2,1,0.76213,0.92744,0.01709,0.48121,6.62873
4-Hydroxybenzaldehyde,2,1,1.02302,1.37780,0.77786,0.46877,5.36133
4-Hydroxybenzyl alcohol,2,1,1.03841,1.11619,1.21700,0.82715,5.38213
Indole,2,1,1.17593,1.24720,0.43679,0.16850,5.55173
Iodobenzene,2,1,1.20005,0.82237,0.02741,0.13145,4.71874
2-Methoxybenzaldehyde,2,1,0.93763,1.23198,-0.02068,0.46917,5.62215
2-Methoxynaphthalene,2,1,1.39292,1.10899,0.02154,0.33874,6.76357
Methyl benzoate,2,1,0.69443,0.88959,0.02351,0.46209,4.91686
Methylparaben,2,1,0.95183,1.44879,0.74769,0.47623,6.17966
2-Methylphenol,2,1,0.83150,0.76967,0.54017,0.31690,4.29389
4-Methylphenol,2,1,0.81703,0.84850,0.64154,0.32270,4.32159
Methyl salicylate,2,1,0.83954,0.85692,0.05673,0.49637,5.43275
Naphthalene,2,1,1.27871,0.81972,0.00391,0.19501,5.39788
2-Naphthaldehyde,2,1,1.51664,1.65890,0.01936,0.41382,7.48985
1-Naphthol,2,1,1.50768,1.16379,0.65836,0.34365,6.56745
2-Naphthol,2,1,1.46258,1.26114,0.74382,0.31109,6.72032
Nicotinamide,2,1,1.00245,1.23283,0.59095,0.94441,5.40262
2-Nitroaniline,2,1,1.21007,1.42525,0.28447,0.40393,6.09732
4-Nitroaniline,2,1,1.19335,1.75080,0.44529,0.39032,6.01648
Nitrobenzene,2,1,0.89893,1.17469,0.02989,0.30354,4.84955
4-Nitrobenzyl alcohol,2,1,1.06859,1.38047,0.46114,0.63698,5.78325
1-Nitrohexane,2,1,0.22294,0.93453,0.00908,0.32943,4.55946
4-Nitrotoluene,2,1,0.90291,1.17656,0.01819,0.27140,5.18820
2-Nitrophenol,2,1,0.98321,1.04057,0.08269,0.36147,5.13271
3-Nitrophenol,2,1,1.07005,1.48847,0.81370,0.21322,5.43418
4-Nitrophenol,2,1,1.07529,1.65867,0.87299,0.16731,5.78142
Octanophenone,2,1,0.73512,0.93144,0.02446,0.48641,7.71067
Phenanthrene,2,1,2.12025,1.29559,0.00726,0.27013,8.21187
Phenol,2,1,0.82762,0.89074,0.63308,0.28781,4.27785
Pentafluorophenol,2,1,0.34488,0.78892,0.82105,0.10874,3.55587
Phenyl acetate,2,1,0.64854,1.11104,0.02029,0.49745,4.69915
2-Phenylethanol,2,1,0.79236,0.97845,0.38254,0.61671,4.72592
4-Phenylphenol,2,1,1.38969,1.27426,0.60688,0.41866,7.58494
1-Phenyl-2-propanol,2,1,0.77096,0.88088,0.34417,0.66436,5.03061
Phthalimide,2,1,1.12912,1.67125,0.31455,0.58391,6.16634
Progesterone,2,1,1.42598,3.38618,0.01451,1.11860,14.11297
Propriophenone,2,1,0.79298,0.95938,0.02501,0.46179,5.14231
Propylbenzene,2,1,0.57329,0.50693,0.02812,0.14256,4.44944
o-Tolualdehyde,2,1,0.90776,0.99521,0.01912,0.42986,5.09395
Toluene,2,1,0.62309,0.56915,0.01484,0.17661,3.50800
"1,2,3-Trimethylbenzene",2,1,0.72326,0.65455,0.02241,0.19243,4.81008
Valerophenone,2,1,0.77688,0.90971,0.02273,0.48096,6.19900
Vanillin,2,1,1.00668,1.28986,0.28379,0.69861,5.80988
m-Xylene,2,1,0.61840,0.55888,0.01677,0.17573,3.93513
p-Xylene,2,1,0.61206,0.56886,0.01149,0.17856,3.97037
2-Aminobiphenyl,2,1,1.60978,1.53990,0.27238,0.42852,7.75464
Aniline,2,1,0.95317,0.98835,0.29398,0.36701,4.16256
4-Chloroaniline,2,1,0.99721,1.21355,0.33827,0.31182,5.00741
"3,4-Dichloroaniline",2,1,1.13907,1.23432,0.34949,0.20151,5.90119
"N, N-Diethylaniline",2,1,0.94504,0.81686,0.01337,0.43813,5.69122
"N, N-Dimethylaniline",2,1,0.96777,0.78533,0.02102,0.41635,4.99634
Diphenylamine,2,1,1.44807,1.46134,0.20218,0.44309,7.74924
N-Ethylaniline,2,1,0.94465,0.86240,0.20292,0.48899,5.12153
4-Fluoroaniline,2,1,0.75753,1.13151,0.31212,0.38896,3.93646
8-Hydroxyquinoline,2,1,1.52781,1.23048,0.26268,0.57709,6.39498
2-Methylaniline,2,1,0.96287,0.92387,0.20934,0.49437,4.75852
3-Methylaniline,2,1,0.93346,1.08617,0.24734,0.39608,4.61201
4-Methylaniline,2,1,0.93317,1.05349,0.23777,0.43342,4.49315
Pyridine,2,1,0.73014,0.81720,0.02206,0.53985,3.31586
Quinoline,2,1,1.32791,0.93890,0.01717,0.53089,5.77660
Acetanilide,2,2,0.94543,1.33364,0.45078,0.74750,5.57970
Acetophenone,2,2,0.85979,1.02827,0.01746,0.51960,4.93093
4-Aminobenzonitrile,2,2,1.12835,1.61182,0.38170,0.55899,5.55824
Anisole,2,2,0.83090,0.80213,0.03818,0.31427,4.35991
Benzamide,2,2,1.05357,1.40358,0.51433,0.73577,5.57234
Benzaldehyde,2,2,0.90196,0.95134,0.02011,0.44291,4.47517
Benzene,2,2,0.68509,0.59488,-0.00132,0.17002,2.93869
Benzenesulfonamide,2,2,1.19696,1.16183,0.51008,1.00985,5.97865
Benzofuran,2,2,0.99898,0.88948,0.02242,0.17111,4.64763
Benzonitrile,2,2,0.89828,1.34007,0.02518,0.44933,4.78633
Benzophenone,2,2,1.44963,1.32489,0.02144,0.54413,7.64168
Benzyl alcohol,2,2,0.88447,0.94676,0.39255,0.60235,4.66957
Benzyl benzoate,2,2,1.37713,1.39845,0.01286,0.57888,8.34564
Biphenyl,2,2,1.40881,1.02626,0.03284,0.29195,6.35463
2-Bromoacetophenone,2,2,1.08425,1.43026,0.03245,0.48338,6.36592
1-Bromonaphthalene,2,2,1.70053,1.16645,0.02902,0.16314,7.13764
3-Bromophenol,2,2,1.09518,1.07719,0.70455,0.20651,5.20407
Butan-2-one,2,2,0.18335,0.68721,0.02524,0.52867,2.56916
Butyrophenone,2,2,0.84604,0.96490,0.01783,0.55339,5.86981
Caffeine,2,2,1.48708,1.70574,0.08543,1.29457,7.61475
1-Chloronaphthalene,2,2,1.51869,1.05552,0.03311,0.15356,6.46669
4-Chlorophenol,2,2,1.05028,1.05346,0.77162,0.14853,5.13536
Cinnamyl alcohol,2,2,1.10002,1.13875,0.35955,0.64004,5.45475
Coumarin,2,2,1.25710,1.59668,0.01201,0.52813,6.32332
4-Cyanophenol,2,2,1.09595,1.54379,0.90924,0.45668,5.59909
Cyclohexanone,2,2,0.39770,0.84192,0.02893,0.58625,4.08664
"1,3-Dibromobenzene",2,2,1.23445,0.87476,0.04551,0.03811,5.59918
Di-n-butyl phthalate,2,2,0.75913,1.33276,0.01922,0.98034,9.52234
Diethyl phthalate,2,2,0.80124,1.26947,0.02698,0.91646,7.56732
"2,6-Dimethylphenol",2,2,0.91017,0.80043,0.44169,0.42151,4.92680
Diphenyl ether,2,2,1.31569,1.13774,0.01597,0.19904,6.80904
Ethylbenzene,2,2,0.69275,0.55415,0.03170,0.15645,4.05284
Fluorene,2,2,1.73465,1.12568,0.03188,0.25079,7.14721
Heptan-2-one,2,2,0.14734,0.67420,0.02491,0.54731,4.16544
Hexanophenone,2,2,0.86595,0.97263,0.01286,0.56529,6.94854
4-Hydroxybenzaldehyde,2,2,1.04761,1.35893,0.80986,0.47182,5.64003
4-Hydroxybenzyl alcohol,2,2,1.12160,1.26181,1.19162,0.90074,6.09114
Indole,2,2,1.30307,1.25340,0.46516,0.20505,5.71302
Iodobenzene,2,2,1.26048,0.84168,0.02543,0.15071,4.91596
2-Methoxybenzaldehyde,2,2,0.99361,1.30362,-0.00610,0.47686,5.53563
2-Methoxynaphthalene,2,2,1.51543,1.19078,0.03642,0.36382,6.89459
Methyl benzoate,2,2,0.85101,0.90010,0.03674,0.48300,5.17287
Methylparaben,2,2,1.03129,1.32531,0.76575,0.51018,6.17220
2-Methylphenol,2,2,0.91246,0.83070,0.55085,0.36442,4.46497
4-Methylphenol,2,2,0.89224,0.89069,0.60967,0.39027,4.52538
Methyl salicylate,2,2,0.94826,0.85662,0.04539,0.53307,5.34111
Naphthalene,2,2,1.42927,0.89302,0.02679,0.25939,5.36791
2-Naphthaldehyde,2,2,1.61459,1.67008,0.00421,0.43043,7.51658
1-Naphthol,2,2,1.57003,1.14121,0.71414,0.39511,6.64884
2-Naphthol,2,2,1.54972,1.22713,0.77933,0.35540,6.65884
Nicotinamide,2,2,1.09137,1.29241,0.61495,1.01696,5.40849
2-Nitroaniline,2,2,1.24651,1.39562,0.30708,0.40781,6.02097
4-Nitroaniline,2,2,1.23097,1.66284,0.42901,0.37580,6.16444
Nitrobenzene,2,2,0.97795,1.10995,0.01969,0.32365,4.92950
4-Nitrobenzyl alcohol,2,2,1.09648,1.33287,0.46132,0.62997,6.05040
1-Nitrohexane,2,2,0.25530,0.96199,0.02583,0.32989,4.63667
4-Nitrotoluene,2,2,0.94470,1.16775,0.01942,0.30736,5.64231
2-Nitrophenol,2,2,1.10912,1.02930,0.10059,0.37793,5.14529
3-Nitrophenol,2,2,1.15981,1.40121,0.91296,0.22545,5.64056
4-Nitrophenol,2,2,1.18393,1.46960,0.88553,0.19713,5.70290
Octanophenone,2,2,0.85155,0.96394,0.00634,0.56333,7.86845
Phenanthrene,2,2,2.25854,1.36988,0.02882,0.31287,8.13486
Phenol,2,2,0.88031,0.91485,0.67343,0.34110,4.12817
Pentafluorophenol,2,2,0.42272,0.75388,0.84777,0.12749,3.55915
Phenyl acetate,2,2,0.76561,1.10919,0.04474,0.57791,4.68011
2-Phenylethanol,2,2,0.89482,1.00716,0.39937,0.68525,5.11172
4-Phenylphenol,2,2,1.52513,1.31022,0.63620,0.45984,7.40480
1-Phenyl-2-propanol,2,2,0.85275,0.91842,0.37425,0.74201,5.43638
Phthalimide,2,2,1.22045,1.64617,0.34696,0.56920,5.86376
Progesterone,2,2,1.46041,3.36438,0.00273,1.13993,13.96826
Propriophenone,2,2,0.85534,0.95392,0.02018,0.52787,5.28499
Propylbenzene,2,2,0.67171,0.50786,0.03354,0.16531,4.53816
o-Tolualdehyde,2,2,0.93503,1.00323,0.01901,0.44257,5.04267
Toluene,2,2,0.67625,0.60412,0.01663,0.15557,3.52320
"1,2,3-Trimethylbenzene",2,2,0.82114,0.62311,0.03086,0.19219,4.95212
Valerophenone,2,2,0.82919,0.97234,0.01727,0.55412,6.35304
Vanillin,2,2,1.08208,1.31012,0.33375,0.68147,6.17282
m-Xylene,2,2,0.69525,0.55002,0.02612,0.18036,4.01218
p-Xylene,2,2,0.69346,0.53849,0.02241,0.18299,3.96697
2-Aminobiphenyl,2,2,1.65351,1.45880,0.29581,0.48710,7.95215
Aniline,2,2,0.98724,0.98969,0.30289,0.42905,4.40678
4-Chloroaniline,2,2,1.08330,1.19434,0.35709,0.34799,5.11093
"3,4-Dichloroaniline",2,2,1.19995,1.22469,0.33686,0.27602,5.91711
"N, N-Diethylaniline",2,2,0.99372,0.79535,0.01747,0.45038,5.76755
"N, N-Dimethylaniline",2,2,1.03016,0.87512,0.03761,0.45349,5.13306
Diphenylamine,2,2,1.45764,1.44752,0.21289,0.47167,7.66995
N-Ethylaniline,2,2,0.97897,0.90960,0.19218,0.50085,5.22425
4-Fluoroaniline,2,2,0.77320,1.10658,0.34573,0.42529,4.12499
8-Hydroxyquinoline,2,2,1.56184,1.06601,0.36143,0.59846,6.48614
2-Methylaniline,2,2,1.03027,0.98157,0.23320,0.51713,4.81162
3-Methylaniline,2,2,0.98344,1.06152,0.25965,0.47859,4.76443
4-Methylaniline,2,2,0.96360,1.01867,0.25597,0.48170,4.61013
Pyridine,2,2,0.72442,0.85215,0.04636,0.58196,3.56631
Quinoline,2,2,1.40371,0.99190,0.05447,0.56009,6.03888
Acetanilide,2,3,1.00035,1.50981,0.47271,0.67313,6.05669
Acetophenone,2,3,0.95711,1.08610,0.05018,0.50669,5.11466
4-Aminobenzonitrile,2,3,1.16759,1.60038,0.48047,0.55721,5.89214
Anisole,2,3,0.78843,0.90292,0.08624,0.30699,4.23919
Benzamide,2,3,1.10698,1.42370,0.62158,0.73472,5.50533
Benzaldehyde,2,3,0.94904,1.11972,0.05241,0.43452,4.44026
Benzene,2,3,0.74905,0.61429,0.04136,0.14636,2.93513
Benzenesulfonamide,2,3,1.27063,1.28777,0.57360,0.98485,6.02762
Benzofuran,2,3,1.00980,0.89196,0.05497,0.15215,4.54890
Benzonitrile,2,3,0.83315,1.44482,0.11086,0.40743,4.43128
Benzophenone,2,3,1.45434,1.36289,0.04772,0.54513,7.66004
Benzyl alcohol,2,3,0.97741,0.91234,0.46351,0.65368,4.42422
Benzyl benzoate,2,3,1.38339,1.41524,0.05340,0.58924,8.27932
Biphenyl,2,3,1.48854,1.02042,0.07319,0.26426,6.56912
2-Bromoacetophenone,2,3,1.16018,1.58089,0.05358,0.47614,6.54429
1-Bromonaphthalene,2,3,1.78122,1.15463,0.03384,0.13495,7.02664
3-Bromophenol,2,3,1.20847,1.13795,0.81537,0.23425,5.33339
Butan-2-one,2,3,0.30062,0.80608,0.07710,0.49993,2.74949
Butyrophenone,2,3,0.90170,1.05353,0.06171,0.54620,5.94678
Caffeine,2,3,1.45314,1.74949,0.15611,1.27310,7.58612
1-Chloronaphthalene,2,3,1.54719,1.07784,0.03523,0.13249,6.07489
4-Chlorophenol,2,3,1.02304,1.15088,0.82815,0.18743,4.97800
Cinnamyl alcohol,2,3,1.18124,0.97011,0.40076,0.70330,5.54909
Coumarin,2,3,1.29547,1.71897,0.04857,0.50412,6.08459
4-Cyanophenol,2,3,1.09668,1.53764,0.92647,0.38358,5.90956
Cyclohexanone,2,3,0.52866,0.99496,0.08307,0.58318,4.28625
"1,3-Dibromobenzene",2,3,1.31303,0.94655,0.06871,0.04897,5.42064
Di-n-butyl phthalate,2,3,0.77730,1.29725,0.04586,0.97563,9.33639
Diethyl phthalate,2,3,0.80796,1.30443,0.06299,0.96058,7.55558
"2,6-Dimethylphenol",2,3,0.93071,0.93043,0.44779,0.36636,5.30003
Diphenyl ether,2,3,1.30105,1.20510,0.05412,0.25281,6.82411
Ethylbenzene,2,3,0.69305,0.55258,0.04154,0.19460,4.19375
Fluorene,2,3,1.77940,1.16763,0.03219,0.22592,7.23005
Heptan-2-one,2,3,0.25760,0.75961,0.05286,0.53402,4.26588
Hexanophenone,2,3,0.89344,1.02888,0.05977,0.52794,6.77839
4-Hydroxybenzaldehyde,2,3,1.17001,1.47150,0.88738,0.48604,5.75745
4-Hydroxybenzyl alcohol,2,3,1.26349,1.30858,1.29991,0.93121,5.88061
Indole,2,3,1.27244,1.31190,0.49515,0.17716,5.41018
Iodobenzene,2,3,1.30517,0.91914,0.06109,0.10106,4.66777
2-Methoxybenzaldehyde,2,3,0.96956,1.37155,0.05333,0.53891,5.76110
2-Methoxynaphthalene,2,3,1.49507,1.22555,0.08057,0.36271,6.74051
Methyl benzoate,2,3,0.77477,0.99205,0.04631,0.49652,4.89598
Methylparaben,2,3,1.05282,1.44421,0.72832,0.53616,6.41256
2-Methylphenol,2,3,0.93229,0.94858,0.58425,0.34015,4.83944
4-Methylphenol,2,3,0.91925,0.96092,0.68921,0.36194,4.74884
Methyl salicylate,2,3,0.95336,1.05700,0.10424,0.54835,5.60594
Naphthalene,2,3,1.49763,0.96187,0.05082,0.25038,5.52531
2-Naphthaldehyde,2,3,1.65646,1.73038,0.04320,0.43219,7.40832
1-Naphthol,2,3,1.60666,1.25758,0.76103,0.36971,6.88152
2-Naphthol,2,3,1.57742,1.31396,0.83842,0.35583,6.87974
Nicotinamide,2,3,1.16294,1.38967,0.69235,0.97831,5.63794
2-Nitroaniline,2,3,1.35410,1.64125,0.27511,0.44096,6.20475
4-Nitroaniline,2,3,1.40303,1.82275,0.48158,0.45234,6.44238
Nitrobenzene,2,3,0.94872,1.25986,0.05587,0.30157,5.02801
4-Nitrobenzyl alcohol,2,3,1.24454,1.47903,0.46801,0.66978,6.40871
1-Nitrohexane,2,3,0.29787,1.01579,0.04536,0.36789,4.93548
4-Nitrotoluene,2,3,0.97064,1.22040,0.05562,0.33390,5.60347
2-Nitrophenol,2,3,1.14460,1.22603,0.14141,0.40319,5.42282
3-Nitrophenol,2,3,1.20360,1.54676,0.91207,0.26234,5.96461
4-Nitrophenol,2,3,1.19865,1.61382,0.94377,0.23550,6.10741
Octanophenone,2,3,0.90053,1.00982,0.04735,0.52789,7.72383
Phenanthrene,2,3,2.32123,1.34314,0.04252,0.28476,8.04219
Phenol,2,3,0.95148,0.98543,0.72404,0.31751,4.19653
Pentafluorophenol,2,3,0.46957,0.87991,0.84230,0.17851,3.94855
Phenyl acetate,2,3,0.79203,1.32008,0.08155,0.56360,5.18207
2-Phenylethanol,2,3,0.99985,1.01701,0.45535,0.68234,4.97007
4-Phenylphenol,2,3,1.49660,1.38369,0.73262,0.44633,7.78180
1-Phenyl-2-propanol,2,3,0.96291,0.89911,0.41387,0.76827,5.26272
Phthalimide,2,3,1.25065,1.84612,0.37185,0.61071,5.93712
Progesterone,2,3,1.61171,3.30042,0.01384,1.16421,13.11127
Propriophenone,2,3,0.92884,1.04119,0.06242,0.52430,5.51462
Propylbenzene,2,3,0.70185,0.52982,0.03729,0.18170,4.66950
o-Tolualdehyde,2,3,0.99083,1.06247,0.03733,0.47293,5.18809
Toluene,2,3,0.73304,0.57896,0.04716,0.18586,3.63515
"1,2,3-Trimethylbenzene",2,3,0.85891,0.70196,0.02951,0.18972,4.92413
Valerophenone,2,3,0.88097,1.03399,0.06545,0.54735,6.33543
Vanillin,2,3,1.08290,1.41307,0.39368,0.69167,6.05125
m-Xylene,2,3,0.74106,0.59562,0.03350,0.18596,4.14119
p-Xylene,2,3,0.74275,0.61459,0.03286,0.18918,4.18064
2-Aminobiphenyl,2,3,1.72486,1.57740,0.32000,0.50866,7.73542
Aniline,2,3,1.05927,1.10873,0.32917,0.41843,4.33231
4-Chloroaniline,2,3,1.09437,1.25834,0.41477,0.30247,5.14816
"3,4-Dichloroaniline",2,3,1.21788,1.33525,0.42037,0.24430,5.93372
"N, N-Diethylaniline",2,3,1.03869,0.92090,0.03543,0.46160,5.92268
"N, N-Dimethylaniline",2,3,1.08015,0.95991,0.05957,0.39810,5.17031
Diphenylamine,2,3,1.52200,1.60830,0.29674,0.36058,7.68747
N-Ethylaniline,2,3,1.01221,1.00121,0.25023,0.50475,5.08388
4-Fluoroaniline,2,3,0.81517,1.23205,0.35189,0.41473,4.27410
8-Hydroxyquinoline,2,3,1.61732,1.29147,0.35605,0.59140,6.32144
2-Methylaniline,2,3,1.05825,1.06889,0.26403,0.49920,5.07355
3-Methylaniline,2,3,1.07453,1.15767,0.31939,0.48248,4.98129
4-Methylaniline,2,3,1.02174,1.10802,0.28628,0.48625,5.06579
Pyridine,2,3,0.80479,0.95024,0.07585,0.53766,3.35922
Quinoline,2,3,1.46806,1.05904,0.06839,0.53916,5.95711
Acetanilide,2,4,0.94937,1.42862,0.43838,0.66987,5.54639
Acetophenone,2,4,0.84622,1.03804,0.01072,0.50539,4.72482
4-Aminobenzonitrile,2,4,1.22762,1.72852,0.42615,0.60247,5.50896
Anisole,2,4,0.79049,0.75829,0.05189,0.30969,4.05563
Benzamide,2,4,1.05191,1.44406,0.53041,0.69887,5.66620
Benzaldehyde,2,4,0.92074,1.09471,0.04328,0.42231,4.30187
Benzene,2,4,0.71750,0.61560,0.00215,0.19777,3.11985
Benzenesulfonamide,2,4,1.22986,1.21114,0.49726,1.04200,5.89543
Benzofuran,2,4,1.03221,0.93908,0.04207,0.17161,4.57994
Benzonitrile,2,4,0.86663,1.40049,0.01567,0.42034,4.51085
Benzophenone,2,4,1.43448,1.34779,0.01499,0.58529,7.63906
Benzyl alcohol,2,4,0.90330,0.99550,0.37357,0.62045,4.47927
Benzyl benzoate,2,4,1.36351,1.38935,0.02166,0.56746,8.15546
Biphenyl,2,4,1.44401,1.02084,0.00521,0.30015,6.34260
2-Bromoacetophenone,2,4,1.05794,1.50567,0.04517,0.48193,6.25810
1-Bromonaphthalene,2,4,1.74260,1.20042,0.01538,0.18418,7.18053
3-Bromophenol,2,4,1.15272,1.18050,0.73073,0.24517,5.43981
Butan-2-one,2,4,0.24954,0.73583,0.01926,0.53936,2.51526
Butyrophenone,2,4,0.81281,1.01092,0.01838,0.51636,5.56229
Caffeine,2,4,1.45361,1.80213,0.12081,1.23222,7.68706
1-Chloronaphthalene,2,4,1.57552,1.06961,0.02139,0.19518,6.41849
4-Chlorophenol,2,4,1.03863,1.20469,0.76863,0.21453,4.83346
Cinnamyl alcohol,2,4,1.02495,1.02450,0.33593,0.68476,5.30419
Coumarin,2,4,1.25130,1.54064,0.00814,0.54050,5.75880
4-Cyanophenol,2,4,1.06726,1.66972,0.89760,0.38156,5.33173
Cyclohexanone,2,4,0.48772,1.06394,0.04092,0.60091,4.19807
"1,3-Dibromobenzene",2,4,1.28240,0.95260,0.03471,0.06142,5.48131
Di-n-butyl phthalate,2,4,0.75911,1.29470,0.01919,0.95036,9.16696
Diethyl phthalate,2,4,0.82527,1.29957,0.01434,0.94718,7.19947
"2,6-Dimethylphenol",2,4,0.97611,0.84707,0.44620,0.40047,5.17412
Diphenyl ether,2,4,1.28764,1.15523,0.03409,0.18394,6.56002
Ethylbenzene,2,4,0.72664,0.56373,0.02069,0.19590,4.03568
Fluorene,2,4,1.75847,1.16800,0.00131,0.25096,7.02528
Heptan-2-one,2,4,0.21676,0.72566,0.01854,0.56604,4.20209
Hexanophenone,2,4,0.81718,1.00115,0.02412,0.52805,6.63213
4-Hydroxybenzaldehyde,2,4,1.05299,1.43045,0.83296,0.45894,5.38751
4-Hydroxybenzyl alcohol,2,4,1.19592,1.32029,1.15259,0.89759,5.61438
Indole,2,4,1.28916,1.28782,0.45276,0.20370,5.44706
Iodobenzene,2,4,1.30663,0.94234,0.01988,0.12370,4.75892
2-Methoxybenzaldehyde,2,4,1.03852,1.27121,0.01655,0.54004,5.60170
2-Methoxynaphthalene,2,4,1.51891,1.18571,0.02244,0.42280,6.77007
Methyl benzoate,2,4,0.78892,0.90583,0.00324,0.49232,4.81569
Methylparaben,2,4,0.99640,1.45309,0.71336,0.52043,6.02840
2-Methylphenol,2,4,0.96166,0.90535,0.57410,0.36303,4.59798
4-Methylphenol,2,4,0.91122,1.00571,0.67226,0.39549,4.84400
Methyl salicylate,2,4,0.94985,0.88613,0.02964,0.53742,5.23859
Naphthalene,2,4,1.47246,0.88380,0.00239,0.28865,5.27684
2-Naphthaldehyde,2,4,1.61665,1.66197,0.03125,0.45934,7.23488
1-Naphthol,2,4,1.62486,1.27162,0.67242,0.37458,6.67321
2-Naphthol,2,4,1.60725,1.36397,0.70677,0.33226,6.45641
Nicotinamide,2,4,1.10947,1.37617,0.59798,0.97083,5.49268
2-Nitroaniline,2,4,1.32338,1.50889,0.25353,0.44781,6.17358
4-Nitroaniline,2,4,1.31412,1.72437,0.40052,0.45189,5.87439
Nitrobenzene,2,4,0.97379,1.16448,0.01145,0.33831,4.88984
4-Nitrobenzyl alcohol,2,4,1.17942,1.37263,0.40445,0.68682,5.84060
1-Nitrohexane,2,4,0.25010,0.95277,0.00842,0.34925,4.45600
4-Nitrotoluene,2,4,0.98883,1.18016,0.02018,0.32748,5.39545
2-Nitrophenol,2,4,1.13272,1.07153,0.04048,0.43582,5.08159
3-Nitrophenol,2,4,1.16435,1.50140,0.84951,0.30194,5.58127
4-Nitrophenol,2,4,1.14711,1.55995,0.87949,0.27904,5.63196
Octanophenone,2,4,0.83152,0.99064,0.02231,0.51572,7.64803
Phenanthrene,2,4,2.27517,1.32939,-0.00164,0.32582,8.04746
Phenol,2,4,0.93398,0.96008,0.65344,0.34765,4.10507
Pentafluorophenol,2,4,0.44354,0.80340,0.79043,0.11411,3.68498
Phenyl acetate,2,4,0.73101,1.18949,0.02212,0.56837,4.55396
2-Phenylethanol,2,4,0.89914,1.04994,0.39148,0.68311,4.76863
4-Phenylphenol,2,4,1.55218,1.46635,0.61766,0.43170,7.81040
1-Phenyl-2-propanol,2,4,0.84692,0.91854,0.32919,0.71333,4.94419
Phthalimide,2,4,1.25142,1.72136,0.27033,0.59976,6.46323
Progesterone,2,4,1.54093,3.26394,-0.00527,1.14814,13.24275
Propriophenone,2,4,0.82107,1.00843,0.01634,0.49801,5.08341
Propylbenzene,2,4,0.69903,0.52463,0.01156,0.20618,4.50540
o-Tolualdehyde,2,4,0.95738,1.03259,0.03388,0.46345,5.08817
Toluene,2,4,0.69242,0.60914,0.01608,0.17475,3.61212
"1,2,3-Trimethylbenzene",2,4,0.80126,0.64471,0.00929,0.21776,4.94124
Valerophenone,2,4,0.80722,1.00714,0.01614,0.53739,6.08698
Vanillin,2,4,1.04717,1.35304,0.31930,0.70507,5.84700
m-Xylene,2,4,0.69062,0.56357,0.00597,0.21146,4.06024
p-Xylene,2,4,0.69736,0.55765,0.00455,0.21063,4.08786
2-Aminobiphenyl,2,4,1.67577,1.53469,0.29388,0.51221,7.69453
Aniline,2,4,1.10404,1.09762,0.29392,0.43860,4.30424
4-Chloroaniline,2,4,1.18538,1.24797,0.36692,0.41794,5.24515
"3,4-Dichloroaniline",2,4,1.30461,1.31854,0.35382,0.26956,6.07645
"N, N-Diethylaniline",2,4,1.01164,0.81702,0.01712,0.40535,5.28555
"N, N-Dimethylaniline",2,4,1.05489,0.90185,0.02751,0.38089,5.00215
Diphenylamine,2,4,1.56079,1.49038,0.19770,0.40338,7.56472
N-Ethylaniline,2,4,0.95242,0.95363,0.17620,0.46715,4.93907
4-Fluoroaniline,2,4,0.85029,1.13253,0.34770,0.44539,4.28110
8-Hydroxyquinoline,2,4,1.55723,1.16924,0.31346,0.59569,6.19297
2-Methylaniline,2,4,1.04554,1.04201,0.21685,0.53703,4.86354
3-Methylaniline,2,4,0.99704,1.12875,0.27399,0.48577,4.85592
4-Methylaniline,2,4,1.00398,1.08488,0.25241,0.50936,4.87773
Pyridine,2,4,0.76647,0.81419,0.05916,0.50566,3.26719
Quinoline,2,4,1.35151,0.96602,0.03930,0.57289,5.47895
Acetanilide,3,0,1.01183,1.34678,0.51236,0.74269,6.12368
Acetophenone,3,0,0.85830,1.02181,0.02331,0.51030,5.08071
4-Aminobenzonitrile,3,0,1.19436,1.75763,0.45017,0.51548,5.90918
Anisole,3,0,0.78194,0.83938,0.05610,0.30445,4.25005
Benzamide,3,0,1.03600,1.45397,0.59022,0.69286,5.37323
Benzaldehyde,3,0,0.85658,1.12573,0.03693,0.40823,4.63157
Benzene,3,0,0.64670,0.54537,0.03085,0.18383,2.79163
Benzenesulfonamide,3,0,1.16360,1.16551,0.52695,1.04692,5.91613
Benzofuran,3,0,0.94629,0.92364,0.04648,0.14737,4.61309
Benzonitrile,3,0,0.83889,1.18063,0.05399,0.40239,4.42795
Benzophenone,3,0,1.37866,1.36181,0.03377,0.55034,7.68133
Benzyl alcohol,3,0,0.88180,0.92762,0.38681,0.61047,4.48573
Benzyl benzoate,3,0,1.29829,1.40089,0.01967,0.56009,8.01424
Biphenyl,3,0,1.43396,1.03012,0.03901,0.26890,6.25973
2-Bromoacetophenone,3,0,1.17120,1.43652,0.02935,0.41684,6.30547
1-Bromonaphthalene,3,0,1.75589,1.15690,0.00678,0.17379,6.75697
3-Bromophenol,3,0,1.07486,1.03516,0.66213,0.29808,4.99045
Butan-2-one,3,0,0.19771,0.70277,0.02214,0.52338,2.52613
Butyrophenone,3,0,0.86616,0.99267,0.02567,0.48385,5.91571
Caffeine,3,0,1.43127,1.69289,0.14401,1.21912,7.97024
1-Chloronaphthalene,3,0,1.48125,1.01095,0.02246,0.15209,6.14797
4-Chlorophenol,3,0,1.03891,1.16687,0.84921,0.27778,5.17163
Cinnamyl alcohol,3,0,1.06729,1.02892,0.38818,0.69879,5.28698
Coumarin,3,0,1.17215,1.60279,0.03963,0.53482,6.16815
4-Cyanophenol,3,0,1.04273,1.65838,0.98470,0.33864,5.69677
Cyclohexanone,3,0,0.46687,0.95927,0.02053,0.56924,4.35856
"1,3-Dibromobenzene",3,0,1.24022,0.89849,0.03274,0.03573,5.36844
Di-n-butyl phthalate,3,0,0.70611,1.22042,0.00495,0.99591,9.24718
Diethyl phthalate,3,0,0.77680,1.21616,0.04364,0.99865,7.83752
"2,6-Dimethylphenol",3,0,0.83774,0.78753,0.45785,0.44502,5.19234
Diphenyl ether,3,0,1.25070,1.09638,0.04054,0.22454,6.88146
Ethylbenzene,3,0,0.67190,0.57815,0.01709,0.17711,4.23841
Fluorene,3,0,1.75894,1.12637,0.02013,0.26644,7.12341
Heptan-2-one,3,0,0.19465,0.73778,0.01504,0.54411,4.06669
Hexanophenone,3,0,0.84166,0.96302,0.01755,0.51063,6.78131
4-Hydroxybenzaldehyde,3,0,1.09413,1.40777,0.88233,0.47234,5.69104
4-Hydroxybenzyl alcohol,3,0,1.05778,1.29043,0.97351,0.86842,5.73232
Indole,3,0,1.27429,1.10497,0.48232,0.22501,6.08776
Iodobenzene,3,0,1.25307,0.89844,0.01386,0.10125,4.75704
2-Methoxybenzaldehyde,3,0,1.01462,1.26224,0.02106,0.62236,5.79962
2-Methoxynaphthalene,3,0,1.56449,1.25484,0.03019,0.38457,7.00504
Methyl benzoate,3,0,0.76879,0.89787,0.02495,0.52675,5.18422
Methylparaben,3,0,0.93425,1.42065,0.78329,0.52812,5.89317
2-Methylphenol,3,0,0.83105,0.82201,0.58119,0.40960,4.55164
4-Methylphenol,3,0,0.87171,0.91008,0.68870,0.38229,4.72894
Methyl salicylate,3,0,0.85230,1.08876,0.22414,0.55332,5.26945
Naphthalene,3,0,1.39651,0.94925,0.02172,0.23392,5.28960
2-Naphthaldehyde,3,0,1.62664,1.62780,0.04687,0.45838,7.46666
1-Naphthol,3,0,1.57633,1.19148,0.77673,0.41876,6.57038
2-Naphthol,3,0,1.60321,1.28182,0.80107,0.41239,6.58449
Nicotinamide,3,0,1.03408,1.30395,0.63720,0.95653,4.98119
2-Nitroaniline,3,0,1.29600,1.38024,0.41267,0.45569,6.29817
4-Nitroaniline,3,0,1.30702,1.80514,0.57138,0.40446,6.67757
Nitrobenzene,3,0,0.94712,1.11461,0.05802,0.32728,5.05924
4-Nitrobenzyl alcohol,3,0,1.09217,1.35188,0.54038,0.66482,6.15589
1-Nitrohexane,3,0,0.26258,0.95339,0.03456,0.28954,4.87939
4-Nitrotoluene,3,0,0.95832,1.11332,0.04300,0.31449,5.61646
2-Nitrophenol,3,0,1.09479,1.10969,0.15083,0.44793,5.12359
3-Nitrophenol,3,0,1.08278,1.45489,1.05383,0.26614,5.88662
4-Nitrophenol,3,0,1.15004,1.63996,1.13041,0.25146,6.15672
Octanophenone,3,0,0.84634,0.96705,0.01011,0.52577,7.67087
Phenanthrene,3,0,2.27370,1.34300,0.00705,0.29661,7.92120
Phenol,3,0,0.85993,0.92863,0.74029,0.39227,4.09868
Pentafluorophenol,3,0,0.41197,0.81333,0.95522,0.15002,3.93748
Phenyl acetate,3,0,0.70868,1.09800,0.03678,0.53706,4.97107
2-Phenylethanol,3,0,0.87662,0.94978,0.36808,0.68505,4.89415
4-Phenylphenol,3,0,1.48089,1.38928,0.69956,0.44018,7.39937
1-Phenyl-2-propanol,3,0,0.84280,0.92381,0.33628,0.71671,5.10345
Phthalimide,3,0,1.26741,1.57929,0.58204,0.53669,6.38704
Progesterone,3,0,1.63269,3.45198,-0.06159,1.13350,13.92325
Propriophenone,3,0,0.86718,0.99548,0.02491,0.48322,5.47933
Propylbenzene,3,0,0.64981,0.55358,0.01865,0.17473,4.58039
o-Tolualdehyde,3,0,0.94731,0.99238,0.03835,0.42490,5.09960
Toluene,3,0,0.63069,0.55048,0.02289,0.15741,3.70711
"1,2,3-Trimethylbenzene",3,0,0.76227,0.64003,0.02940,0.21143,5.00468
Valerophenone,3,0,0.86493,0.95939,0.02625,0.48823,6.32529
Vanillin,3,0,1.03243,1.34333,0.39731,0.73045,6.09125
m-Xylene,3,0,0.65257,0.54537,0.02613,0.17813,4.17711
p-Xylene,3,0,0.66607,0.56354,0.02592,0.17846,4.21335
2-Aminobiphenyl,3,0,1.67425,1.46281,0.29959,0.49952,7.80068
Aniline,3,0,1.06245,1.01704,0.28897,0.42425,4.47753
4-Chloroaniline,3,0,1.15403,1.22983,0.33298,0.40092,5.13775
"3,4-Dichloroaniline",3,0,1.25602,1.25523,0.34488,0.31321,5.91787
"N, N-Diethylaniline",3,0,0.98062,0.78708,0.02945,0.47378,5.80816
"N, N-Dimethylaniline",3,0,1.01137,0.78764,0.03125,0.42799,5.26177
Diphenylamine,3,0,1.50543,1.15342,0.34952,0.38301,7.41956
N-Ethylaniline,3,0,0.95523,0.89304,0.18873,0.55058,5.21127
4-Fluoroaniline,3,0,0.81862,1.19097,0.30341,0.45355,4.33309
8-Hydroxyquinoline,3,0,1.42447,1.07045,0.13995,0.62757,5.97988
2-Methylaniline,3,0,1.01742,0.94569,0.22405,0.50821,5.00078
3-Methylaniline,3,0,1.06292,1.09676,0.25737,0.48684,5.07017
4-Methylaniline,3,0,1.04744,1.05711,0.22678,0.51282,5.01419
Pyridine,3,0,0.70529,0.83135,0.02796,0.56784,3.44873
Quinoline,3,0,1.31433,1.01130,0.01812,0.57873,5.73080
Acetanilide,3,1,0.95309,1.35733,0.47326,0.71232,5.82729
Acetophenone,3,1,0.81118,0.94789,0.01851,0.45684,4.59244
4-Aminobenzonitrile,3,1,1.12199,1.75740,0.45023,0.44200,5.78512
Anisole,3,1,0.72905,0.82792,0.04737,0.31135,4.07226
Benzamide,3,1,1.00528,1.39929,0.57620,0.71032,5.39406
Benzaldehyde,3,1,0.85805,1.09955,0.01346,0.40694,4.26856
Benzene,3,1,0.58907,0.49662,0.02375,0.14633,2.80856
Benzenesulfonamide,3,1,1.14958,1.15764,0.52741,0.98928,5.95362
Benzofuran,3,1,0.92657,0.87230,0.04510,0.14230,4.42822
Benzonitrile,3,1,0.75164,1.11346,0.03412,0.32573,4.39875
Benzophenone,3,1,1.39468,1.34646,0.01478,0.49412,7.40736
Benzyl alcohol,3,1,0.83501,0.89419,0.41320,0.60470,4.61486
Benzyl benzoate,3,1,1.27624,1.34729,0.02287,0.59160,8.04204
Biphenyl,3,1,1.37840,0.99580,0.00670,0.22125,6.39734
2-Bromoacetophenone,3,1,1.09304,1.41915,0.02123,0.45644,6.27381
1-Bromonaphthalene,3,1,1.67925,1.14647,0.01756,0.16564,7.10535
3-Bromophenol,3,1,1.03060,1.05077,0.59239,0.26706,5.15318
Butan-2-one,3,1,0.16980,0.65902,0.02460,0.48246,2.26090
Butyrophenone,3,1,0.82125,0.93274,0.01668,0.49327,5.56998
Caffeine,3,1,1.41572,1.72744,0.10458,1.27260,7.48457
1-Chloronaphthalene,3,1,1.46068,1.03503,0.01343,0.13545,6.12534
4-Chlorophenol,3,1,0.93125,1.19950,0.80809,0.25288,5.03081
Cinnamyl alcohol,3,1,1.04438,1.01839,0.40818,0.69373,5.52536
Coumarin,3,1,1.21797,1.51723,0.01848,0.54165,6.14952
4-Cyanophenol,3,1,0.91840,1.59466,0.94047,0.34355,5.62392
Cyclohexanone,3,1,0.36844,0.85080,0.00457,0.52274,4.18289
"1,3-Dibromobenzene",3,1,1.13752,0.89074,0.04434,0.03351,5.32803
Di-n-butyl phthalate,3,1,0.71381,1.25566,0.00150,0.96905,9.18949
Diethyl phthalate,3,1,0.71578,1.25463,0.04309,0.90943,7.29990
"2,6-Dimethylphenol",3,1,0.84948,0.77133,0.40859,0.43413,4.79891
Diphenyl ether,3,1,1.19816,1.01344,0.02734,0.23512,6.60719
Ethylbenzene,3,1,0.63512,0.52898,0.01723,0.17425,3.93152
Fluorene,3,1,1.72869,1.12357,0.01972,0.19653,6.88998
Heptan-2-one,3,1,0.12698,0.65000,0.01878,0.48613,3.74371
Hexanophenone,3,1,0.79333,0.93659,0.01487,0.49652,6.56553
4-Hydroxybenzaldehyde,3,1,1.00339,1.41931,0.79948,0.45268,5.33190
4-Hydroxybenzyl alcohol,3,1,0.97500,1.27849,0.95117,0.83928,5.54540
Indole,3,1,1.16614,1.02099,0.55729,0.18215,5.36127
Iodobenzene,3,1,1.15233,0.85167,0.02592,0.08727,4.87116
2-Methoxybenzaldehyde,3,1,0.96999,1.14905,0.02517,0.57571,5.38045
2-Methoxynaphthalene,3,1,1.38814,1.21888,0.01665,0.33545,6.76479
Methyl benzoate,3,1,0.73354,0.89195,0.02574,0.47329,4.73026
Methylparaben,3,1,0.96197,1.44086,0.76704,0.48732,5.85392
2-Methylphenol,3,1,0.85216,0.79614,0.52100,0.38487,4.29395
4-Methylphenol,3,1,0.80693,0.91818,0.62144,0.35282,4.49423
Methyl salicylate,3,1,0.80750,1.02151,0.14594,0.49758,5.27809
Naphthalene,3,1,1.35800,0.89787,0.01732,0.20848,5.38566
2-Naphthaldehyde,3,1,1.59589,1.66856,0.02077,0.42380,7.12992
1-Naphthol,3,1,1.48204,1.13303,0.65777,0.40629,6.49560
2-Naphthol,3,1,1.49332,1.18285,0.68142,0.39146,6.48416
Nicotinamide,3,1,1.06565,1.19441,0.65388,1.01326,5.27401
2-Nitroaniline,3,1,1.21139,1.44474,0.38121,0.38608,6.00673
4-Nitroaniline,3,1,1.23469,1.85420,0.53556,0.45528,6.55422
Nitrobenzene,3,1,0.88447,1.14622,0.04579,0.27922,5.02448
4-Nitrobenzyl alcohol,3,1,1.09303,1.32601,0.50308,0.65701,6.06799
1-Nitrohexane,3,1,0.18848,0.85693,0.02195,0.28284,4.54276
4-Nitrotoluene,3,1,0.90676,1.13001,0.03289,0.28612,5.33067
2-Nitrophenol,3,1,0.99064,1.01733,0.09122,0.36993,4.68702
3-Nitrophenol,3,1,1.07075,1.43339,0.95546,0.26783,5.59549
4-Nitrophenol,3,1,1.09350,1.57253,1.02774,0.25209,5.82217
Octanophenone,3,1,0.78193,0.89660,0.02545,0.49285,7.60891
Phenanthrene,3,1,2.22296,1.33691,0.01162,0.27575,7.98405
Phenol,3,1,0.82654,0.93899,0.66203,0.36150,4.03884
Pentafluorophenol,3,1,0.29726,0.85742,0.86525,0.18495,3.81699
Phenyl acetate,3,1,0.63099,1.02627,0.03395,0.48695,4.62208
2-Phenylethanol,3,1,0.83035,0.97958,0.39750,0.68971,5.10420
4-Phenylphenol,3,1,1.42198,1.32627,0.60324,0.43015,7.29224
1-Phenyl-2-propanol,3,1,0.78921,0.91150,0.37236,0.69028,5.31425
Phthalimide,3,1,1.23282,1.59866,0.55808,0.55706,6.28914
Progesterone,3,1,1.44205,3.34769,-0.04440,1.12442,13.47032
Propriophenone,3,1,0.82161,0.93298,0.02112,0.47659,5.10118
Propylbenzene,3,1,0.63591,0.48588,0.01434,0.14781,4.29821
o-Tolualdehyde,3,1,0.90632,1.01377,0.00918,0.39213,4.69041
Toluene,3,1,0.62284,0.54789,0.02610,0.13340,3.53951
"1,2,3-Trimethylbenzene",3,1,0.74774,0.62942,0.01837,0.17635,4.62426
Valerophenone,3,1,0.80182,0.92301,0.01769,0.50350,6.01409
Vanillin,3,1,1.04142,1.32342,0.33091,0.70326,5.92422
m-Xylene,3,1,0.62606,0.51821,0.01297,0.15177,3.84765
p-Xylene,3,1,0.64324,0.54143,0.01187,0.14574,3.92604
2-Aminobiphenyl,3,1,1.60478,1.51495,0.30736,0.47923,7.77745
Aniline,3,1,0.95710,1.03565,0.29714,0.43145,4.22500
4-Chloroaniline,3,1,1.04200,1.20575,0.30820,0.37382,5.08714
"3,4-Dichloroaniline",3,1,1.16850,1.30526,0.33462,0.24954,5.82915
"N, N-Diethylaniline",3,1,0.89752,0.80057,0.00147,0.45247,5.52461
"N, N-Dimethylaniline",3,1,0.95194,0.82666,0.00452,0.41122,4.87376
Diphenylamine,3,1,1.44404,1.21376,0.31197,0.32255,7.34885
N-Ethylaniline,3,1,0.91181,0.90603,0.16219,0.53270,5.17490
4-Fluoroaniline,3,1,0.73591,1.14858,0.34466,0.46321,4.43428
8-Hydroxyquinoline,3,1,1.43029,1.03452,0.08260,0.62086,5.99276
2-Methylaniline,3,1,0.98024,1.01161,0.22997,0.48999,4.63791
3-Methylaniline,3,1,0.96875,1.12097,0.29194,0.45289,4.75795
4-Methylaniline,3,1,0.94618,1.06583,0.25375,0.46452,4.85750
Pyridine,3,1,0.69267,0.78351,0.02516,0.52503,3.36262
Quinoline,3,1,1.33867,0.88546,0.02578,0.53057,5.48399
Acetanilide,3,2,0.94313,1.36377,0.46983,0.74226,5.60084
Acetophenone,3,2,0.86491,0.95236,-0.01819,0.51388,4.59689
4-Aminobenzonitrile,3,2,1.07503,1.65071,0.40429,0.51924,5.76820
Anisole,3,2,0.76634,0.74269,0.01778,0.30217,3.91687
Benzamide,3,2,1.05659,1.34254,0.47980,0.73153,5.45757
Benzaldehyde,3,2,0.86037,0.96792,-0.00229,0.43449,4.39070
Benzene,3,2,0.67105,0.52327,0.00288,0.18820,2.73004
Benzenesulfonamide,3,2,1.18808,1.18636,0.51853,1.00632,5.72554
Benzofuran,3,2,0.90550,0.86100,0.02115,0.18125,4.35840
Benzonitrile,3,2,0.76144,1.20803,0.02148,0.37255,4.58217
Benzophenone,3,2,1.42763,1.31559,-0.01081,0.55555,7.48831
Benzyl alcohol,3,2,0.95163,0.90114,0.41158,0.58091,4.49511
Benzyl benzoate,3,2,1.36824,1.30091,0.00529,0.63435,8.07437
Biphenyl,3,2,1.46137,0.98699,0.02216,0.30546,6.30471
2-Bromoacetophenone,3,2,1.19531,1.36479,-0.00598,0.47912,6.19933
1-Bromonaphthalene,3,2,1.79752,1.12118,0.02615,0.21715,6.82763
3-Bromophenol,3,2,1.13719,0.98467,0.57076,0.26291,4.93137
Butan-2-one,3,2,0.22266,0.64480,-0.01397,0.58039,2.35332
Butyrophenone,3,2,0.83072,0.93931,-0.00671,0.51715,5.36882
Caffeine,3,2,1.46151,1.69692,0.05272,1.27675,7.70536
1-Chloronaphthalene,3,2,1.57602,1.01751,0.00922,0.16600,6.25421
4-Chlorophenol,3,2,1.02056,1.04227,0.68204,0.18576,4.75954
Cinnamyl alcohol,3,2,1.07835,1.02941,0.35616,0.64341,5.59664
Coumarin,3,2,1.21539,1.57909,0.00338,0.53333,5.91456
4-Cyanophenol,3,2,0.99805,1.65890,0.81294,0.33226,5.66776
Cyclohexanone,3,2,0.44027,0.86731,-0.00410,0.54686,3.89388
"1,3-Dibromobenzene",3,2,1.25806,0.87389,0.02432,0.05060,5.24596
Di-n-butyl phthalate,3,2,0.71015,1.15079,0.00254,0.93526,9.12460
Diethyl phthalate,3,2,0.79187,1.23738,-0.00400,0.94484,7.38749
"2,6-Dimethylphenol",3,2,0.93542,0.84488,0.40043,0.46767,5.00215
Diphenyl ether,3,2,1.30617,1.01406,0.00718,0.27967,6.72334
Ethylbenzene,3,2,0.66175,0.54628,-0.00320,0.16074,3.83995
Fluorene,3,2,1.75773,1.12524,0.02627,0.27763,7.20338
Heptan-2-one,3,2,0.17183,0.69823,-0.00297,0.54981,4.00202
Hexanophenone,3,2,0.81670,0.90791,-0.00031,0.52766,6.15395
4-Hydroxybenzaldehyde,3,2,1.08466,1.31336,0.73840,0.50553,5.27576
4-Hydroxybenzyl alcohol,3,2,1.15956,1.25592,0.89800,0.88568,5.53835
Indole,3,2,1.30070,1.09217,0.50398,0.24125,5.57159
Iodobenzene,3,2,1.25426,0.86806,-0.00640,0.11756,4.71836
2-Methoxybenzaldehyde,3,2,0.94740,1.14847,-0.02855,0.60555,5.25951
2-Methoxynaphthalene,3,2,1.59037,1.18600,0.01679,0.39057,6.71729
Methyl benzoate,3,2,0.73967,0.86334,-0.01642,0.46735,4.88125
Methylparaben,3,2,1.01981,1.32300,0.64563,0.51209,5.86392
2-Methylphenol,3,2,0.92507,0.85008,0.48972,0.42048,4.47698
4-Methylphenol,3,2,0.85532,0.92662,0.61468,0.40799,4.37403
Methyl salicylate,3,2,0.89302,0.92601,0.14642,0.50738,5.26676
Naphthalene,3,2,1.43814,0.91301,0.01440,0.26628,5.39424
2-Naphthaldehyde,3,2,1.59598,1.55727,-0.00174,0.46070,7.23708
1-Naphthol,3,2,1.66244,1.27466,0.71391,0.41196,6.52375
2-Naphthol,3,2,1.65470,1.29774,0.75349,0.42286,6.47515
Nicotinamide,3,2,1.08508,1.15611,0.61091,0.98201,5.14276
2-Nitroaniline,3,2,1.22765,1.41214,0.28008,0.42632,5.74938
4-Nitroaniline,3,2,1.29225,1.87284,0.41357,0.40586,6.40034
Nitrobenzene,3,2,0.90771,1.15273,-0.03555,0.30688,4.70936
4-Nitrobenzyl alcohol,3,2,1.12188,1.33546,0.39477,0.65296,5.89924
1-Nitrohexane,3,2,0.29501,1.00151,0.01637,0.33102,4.77039
4-Nitrotoluene,3,2,0.93095,1.10879,-0.03947,0.31008,5.13645
2-Nitrophenol,3,2,1.04682,1.06540,0.07461,0.43904,5.01435
3-Nitrophenol,3,2,1.18368,1.43106,0.81470,0.28184,5.52529
4-Nitrophenol,3,2,1.21021,1.59925,0.86882,0.24151,5.81372
Octanophenone,3,2,0.77368,0.89223,-0.00893,0.50869,7.16258
Phenanthrene,3,2,2.30225,1.31796,0.01574,0.32868,7.87558
Phenol,3,2,0.91803,0.91924,0.65537,0.36813,4.05737
Pentafluorophenol,3,2,0.43764,0.72468,0.79128,0.15374,3.50880
Phenyl acetate,3,2,0.68041,0.98285,-0.02874,0.55378,4.55339
2-Phenylethanol,3,2,0.87526,0.91498,0.38566,0.63130,4.90266
4-Phenylphenol,3,2,1.58533,1.38013,0.66868,0.48503,7.37877
1-Phenyl-2-propanol,3,2,0.85102,0.87422,0.37870,0.67540,5.27180
Phthalimide,3,2,1.20615,1.59155,0.45041,0.56091,6.04416
Progesterone,3,2,1.63798,3.14295,-0.00757,1.22731,13.55122
Propriophenone,3,2,0.85277,0.94157,-0.01232,0.52396,4.92167
Propylbenzene,3,2,0.64074,0.53381,-0.00506,0.16601,4.14769
o-Tolualdehyde,3,2,0.89382,0.86732,-0.00171,0.46036,4.86886
Toluene,3,2,0.66744,0.55117,-0.00417,0.18959,3.40656
"1,2,3-Trimethylbenzene",3,2,0.76120,0.63826,0.01281,0.19896,4.82263
Valerophenone,3,2,0.82308,0.92903,0.00435,0.50141,5.84539
Vanillin,3,2,1.01274,1.26555,0.26967,0.72047,5.81645
m-Xylene,3,2,0.66888,0.52518,0.00299,0.17278,3.83195
p-Xylene,3,2,0.66580,0.52965,0.00285,0.16951,3.82461
2-Aminobiphenyl,3,2,1.61793,1.39927,0.32534,0.51292,7.50131
Aniline,3,2,1.02859,0.98786,0.30642,0.42156,4.09459
4-Chloroaniline,3,2,1.13602,1.08663,0.29346,0.36490,4.72028
"3,4-Dichloroaniline",3,2,1.29061,1.26970,0.31250,0.30092,5.70649
"N, N-Diethylaniline",3,2,0.94382,0.83894,0.00303,0.48393,5.19816
"N, N-Dimethylaniline",3,2,1.01560,0.91478,0.00594,0.36949,4.75090
Diphenylamine,3,2,1.53289,1.24996,0.32039,0.37534,7.31511
N-Ethylaniline,3,2,1.00624,0.91972,0.21286,0.53646,5.07399
4-Fluoroaniline,3,2,0.81630,1.09998,0.33097,0.45641,4.25505
8-Hydroxyquinoline,3,2,1.44908,1.03978,0.18678,0.62829,6.06737
2-Methylaniline,3,2,1.04176,0.96935,0.22595,0.51146,4.80444
3-Methylaniline,3,2,1.05985,1.07556,0.23286,0.47190,4.85758
4-Methylaniline,3,2,1.03044,1.05448,0.23162,0.47584,4.91053
Pyridine,3,2,0.65798,0.76622,0.00157,0.51888,2.95170
Quinoline,3,2,1.33133,1.01020,0.04005,0.53066,5.52261
Acetanilide,3,3,0.91237,1.28208,0.45361,0.73811,5.87497
Acetophenone,3,3,0.86497,1.00341,0.02866,0.51432,4.97572
4-Aminobenzonitrile,3,3,1.13406,1.68705,0.36997,0.48832,6.05504
Anisole,3,3,0.76843,0.81246,0.01786,0.30267,4.29772
Benzamide,3,3,1.14573,1.26438,0.48716,0.73455,5.75496
Benzaldehyde,3,3,0.93681,0.99415,0.03361,0.36752,4.79384
Benzene,3,3,0.71080,0.52136,0.01950,0.15831,3.42861
Benzenesulfonamide,3,3,1.27067,1.30326,0.58229,1.00658,6.45733
Benzofuran,3,3,1.02516,0.91564,0.02129,0.19237,4.63315
Benzonitrile,3,3,0.84171,1.23181,0.03287,0.36245,4.87741
Benzophenone,3,3,1.42427,1.37934,0.03642,0.61474,7.95697
Benzyl alcohol,3,3,0.91016,0.82479,0.41330,0.63404,4.63751
Benzyl benzoate,3,3,1.34281,1.31782,0.03008,0.63822,8.34278
Biphenyl,3,3,1.50086,1.01187,0.03068,0.33364,6.73289
2-Bromoacetophenone,3,3,1.12579,1.47561,0.02170,0.48338,6.37701
1-Bromonaphthalene,3,3,1.77838,1.16257,0.03648,0.19800,7.16223
3-Bromophenol,3,3,1.13486,0.97912,0.58830,0.28446,5.21788
Butan-2-one,3,3,0.23219,0.72021,0.01884,0.51643,2.76245
Butyrophenone,3,3,0.84185,0.96128,0.02326,0.56085,5.73511
Caffeine,3,3,1.47377,1.76164,0.09290,1.32273,7.87022
1-Chloronaphthalene,3,3,1.58291,1.00178,0.01871,0.23025,6.39988
4-Chlorophenol,3,3,1.01236,1.08945,0.66668,0.20103,4.95805
Cinnamyl alcohol,3,3,1.18035,0.98507,0.39823,0.72015,5.68724
Coumarin,3,3,1.26085,1.46051,0.03457,0.55572,6.12192
4-Cyanophenol,3,3,1.05172,1.72258,0.80262,0.33754,6.10873
Cyclohexanone,3,3,0.48923,0.92623,-0.00338,0.57692,4.30884
"1,3-Dibromobenzene",3,3,1.25524,0.93356,0.03867,0.10604,5.64419
Di-n-butyl phthalate,3,3,0.75827,1.20721,0.03277,0.96955,9.24498
Diethyl phthalate,3,3,0.83252,1.25506,0.05738,0.96321,7.58220
"2,6-Dimethylphenol",3,3,0.90484,0.80119,0.40393,0.43472,5.00131
Diphenyl ether,3,3,1.31001,1.03885,0.03083,0.27753,7.00470
Ethylbenzene,3,3,0.71861,0.54963,0.01413,0.16850,4.20844
Fluorene,3,3,1.80908,1.14579,0.01663,0.31561,7.49074
Heptan-2-one,3,3,0.21585,0.70929,-0.00634,0.52614,4.23588
Hexanophenone,3,3,0.80388,0.93451,0.02313,0.52427,6.62920
4-Hydroxybenzaldehyde,3,3,1.10238,1.38253,0.72062,0.50825,5.53109
4-Hydroxybenzyl alcohol,3,3,1.10136,1.19249,0.98316,0.87569,5.64335
Indole,3,3,1.28233,1.15292,0.43945,0.27305,6.30389
Iodobenzene,3,3,1.27463,0.87134,0.00770,0.12500,5.07854
2-Methoxybenzaldehyde,3,3,1.03582,1.15680,0.01542,0.53337,5.69405
2-Methoxynaphthalene,3,3,1.52371,1.08282,0.01050,0.42273,7.02226
Methyl benzoate,3,3,0.74726,0.93262,0.00497,0.48753,5.17327
Methylparaben,3,3,1.02424,1.34510,0.64287,0.50635,6.10967
2-Methylphenol,3,3,0.88103,0.81377,0.47686,0.38159,4.58754
4-Methylphenol,3,3,0.87713,0.87135,0.58947,0.36294,4.81412
Methyl salicylate,3,3,0.92058,1.00321,0.13900,0.46480,5.43022
Naphthalene,3,3,1.44914,0.89795,0.00524,0.27346,5.81036
2-Naphthaldehyde,3,3,1.57210,1.52963,0.03210,0.48549,7.36317
1-Naphthol,3,3,1.56473,1.21314,0.67909,0.40413,6.90020
2-Naphthol,3,3,1.56450,1.22171,0.66091,0.37861,6.87900
Nicotinamide,3,3,1.10281,1.14854,0.55598,0.98387,5.32061
2-Nitroaniline,3,3,1.29794,1.40036,0.26121,0.43615,6.31142
4-Nitroaniline,3,3,1.34670,1.84010,0.41443,0.42097,6.66943
Nitrobenzene,3,3,0.97586,1.20383,-0.01167,0.32041,5.33714
4-Nitrobenzyl alcohol,3,3,1.17487,1.34614,0.37987,0.67256,6.34403
1-Nitrohexane,3,3,0.35729,0.99957,0.04143,0.35155,4.98119
4-Nitrotoluene,3,3,0.97182,1.15493,-0.00126,0.31110,5.72656
2-Nitrophenol,3,3,1.07034,1.07560,0.06449,0.42036,5.18700
3-Nitrophenol,3,3,1.16904,1.47318,0.75005,0.27458,6.02984
4-Nitrophenol,3,3,1.20941,1.67601,0.86420,0.25948,6.17880
Octanophenone,3,3,0.78926,0.92591,0.00002,0.51278,7.76505
Phenanthrene,3,3,2.30272,1.34935,0.02496,0.37244,8.37334
Phenol,3,3,0.91966,0.88659,0.55572,0.33087,4.22222
Pentafluorophenol,3,3,0.44264,0.77797,0.82612,0.15304,3.66812
Phenyl acetate,3,3,0.73652,1.05558,0.02701,0.51462,5.16062
2-Phenylethanol,3,3,0.92660,0.89502,0.40087,0.71243,5.19986
4-Phenylphenol,3,3,1.51422,1.34806,0.61203,0.43594,7.42674
1-Phenyl-2-propanol,3,3,0.87496,0.87573,0.37141,0.71893,5.52485
Phthalimide,3,3,1.27579,1.53695,0.47023,0.57193,6.30121
Progesterone,3,3,1.61174,3.16114,-0.02289,1.22385,13.60983
Propriophenone,3,3,0.84142,0.98113,0.02640,0.54079,5.33216
Propylbenzene,3,3,0.72734,0.53249,0.01011,0.17495,4.62617
o-Tolualdehyde,3,3,0.93779,0.93864,0.01517,0.41219,5.15285
Toluene,3,3,0.70446,0.54867,0.00992,0.16774,3.99296
"1,2,3-Trimethylbenzene",3,3,0.81705,0.65039,0.01276,0.22019,4.90683
Valerophenone,3,3,0.83959,0.94697,0.02622,0.57666,6.16000
Vanillin,3,3,1.08985,1.25896,0.27414,0.67942,5.97756
m-Xylene,3,3,0.70900,0.53600,0.00899,0.17237,4.08014
p-Xylene,3,3,0.72249,0.53752,0.00471,0.16071,4.14442
2-Aminobiphenyl,3,3,1.56783,1.39104,0.28460,0.51835,7.62088
Aniline,3,3,0.99914,0.98931,0.26123,0.42216,4.28053
4-Chloroaniline,3,3,1.12452,1.12284,0.28380,0.36988,5.37552
"3,4-Dichloroaniline",3,3,1.26815,1.23603,0.30910,0.30424,5.82616
"N, N-Diethylaniline",3,3,0.99099,0.79348,0.00976,0.48840,5.77842
"N, N-Dimethylaniline",3,3,1.02863,0.81364,0.01037,0.39586,5.26231
Diphenylamine,3,3,1.47156,1.19436,0.30764,0.42485,7.45509
N-Ethylaniline,3,3,0.97086,0.83111,0.18547,0.49311,5.29681
4-Fluoroaniline,3,3,0.81581,1.10505,0.28080,0.45152,4.52473
8-Hydroxyquinoline,3,3,1.48664,1.08940,0.20983,0.62092,6.04747
2-Methylaniline,3,3,1.05756,0.92305,0.22171,0.49178,4.95819
3-Methylaniline,3,3,1.02641,1.04231,0.22451,0.46662,4.89041
4-Methylaniline,3,3,1.03864,0.98229,0.21486,0.48140,5.07395
Pyridine,3,3,0.72433,0.78830,0.03533,0.53563,3.55256
Quinoline,3,3,1.35030,0.97520,0.04568,0.57411,5.80155
Acetanilide,3,4,0.93288,1.38833,0.50851,0.70936,5.80716
Acetophenone,3,4,0.81654,0.99253,0.03611,0.50178,4.75772
4-Aminobenzonitrile,3,4,1.07018,1.81032,0.43455,0.44226,6.06959
Anisole,3,4,0.81122,0.77728,0.03786,0.31224,4.04904
Benzamide,3,4,1.11694,1.40168,0.57973,0.70618,5.59199
Benzaldehyde,3,4,0.90801,1.11776,0.03177,0.37661,4.83456
Benzene,3,4,0.64571,0.50959,0.02503,0.14538,2.78345
Benzenesulfonamide,3,4,1.21419,1.16167,0.57702,0.96738,5.93518
Benzofuran,3,4,0.95583,0.92960,0.03508,0.14010,4.47324
Benzonitrile,3,4,0.75599,1.25738,0.05678,0.30668,4.60245
Benzophenone,3,4,1.40676,1.36476,0.03292,0.52972,7.75031
Benzyl alcohol,3,4,0.84301,0.96103,0.40995,0.57082,4.59019
Benzyl benzoate,3,4,1.40262,1.43917,0.02482,0.58201,8.31631
Biphenyl,3,4,1.42495,0.99984,0.04021,0.25416,6.45123
2-Bromoacetophenone,3,4,1.10150,1.40943,0.02608,0.46453,6.18373
1-Bromonaphthalene,3,4,1.81389,1.21401,0.03598,0.16595,7.11935
3-Bromophenol,3,4,1.13295,0.93530,0.59268,0.28559,5.00834
Butan-2-one,3,4,0.19628,0.73660,0.01695,0.55004,2.42188
Butyrophenone,3,4,0.82566,0.94041,0.03172,0.53919,5.59573
Caffeine,3,4,1.49084,1.86708,0.11865,1.24423,8.07937
1-Chloronaphthalene,3,4,1.56583,1.10105,0.02582,0.13665,6.46981
4-Chlorophenol,3,4,1.02244,1.09670,0.77328,0.19775,5.05202
Cinnamyl alcohol,3,4,1.06417,1.06244,0.38625,0.63556,5.71644
Coumarin,3,4,1.24056,1.59772,0.01061,0.53042,6.24738
4-Cyanophenol,3,4,0.97049,1.60025,0.94615,0.32898,5.85907
Cyclohexanone,3,4,0.44207,0.90961,0.02024,0.57033,4.36698
"1,3-Dibromobenzene",3,4,1.27626,0.94857,0.03989,0.07114,5.53956
Di-n-butyl phthalate,3,4,0.78552,1.29507,0.01187,0.94574,9.24556
Diethyl phthalate,3,4,0.80330,1.29399,0.05609,0.91678,7.39394
"2,6-Dimethylphenol",3,4,0.85754,0.74635,0.44925,0.40799,5.13912
Diphenyl ether,3,4,1.35786,1.11063,0.04850,0.23737,7.00243
Ethylbenzene,3,4,0.69089,0.56084,0.01935,0.17502,4.06293
Fluorene,3,4,1.75941,1.12059,0.04172,0.20184,7.22769
Heptan-2-one,3,4,0.17243,0.66614,0.00101,0.54501,4.04824
Hexanophenone,3,4,0.80125,0.93561,0.02520,0.53326,6.70225
4-Hydroxybenzaldehyde,3,4,1.06724,1.36608,0.84497,0.45967,5.54427
4-Hydroxybenzyl alcohol,3,4,1.07462,1.28657,1.00744,0.83290,5.62770
Indole,3,4,1.37823,1.16282,0.52371,0.26739,5.96435
Iodobenzene,3,4,1.28053,0.86698,0.02727,0.11304,4.92420
2-Methoxybenzaldehyde,3,4,1.00575,1.23361,-0.00185,0.57120,5.72862
2-Methoxynaphthalene,3,4,1.49673,1.14964,0.02955,0.34807,6.62203
Methyl benzoate,3,4,0.80262,0.90256,0.01169,0.47999,5.04360
Methylparaben,3,4,0.94422,1.43136,0.76232,0.47098,5.88475
2-Methylphenol,3,4,0.87647,0.79879,0.54374,0.39316,4.59578
4-Methylphenol,3,4,0.87275,0.90020,0.65604,0.32834,4.68444
Methyl salicylate,3,4,0.89781,1.07720,0.19860,0.52136,5.46396
Naphthalene,3,4,1.43891,0.88523,0.02880,0.20404,5.30856
2-Naphthaldehyde,3,4,1.60563,1.67734,0.03532,0.43079,7.30380
1-Naphthol,3,4,1.59102,1.17335,0.74859,0.41722,6.83262
2-Naphthol,3,4,1.58157,1.20389,0.75909,0.42715,6.63595
Nicotinamide,3,4,1.08978,1.23641,0.62541,0.90844,5.35534
2-Nitroaniline,3,4,1.29186,1.41705,0.36550,0.40335,5.78880
4-Nitroaniline,3,4,1.29486,1.88614,0.51962,0.41089,6.28223
Nitrobenzene,3,4,0.92497,1.12627,0.00857,0.32818,4.63631
4-Nitrobenzyl alcohol,3,4,1.09611,1.35830,0.47398,0.65492,5.86595
1-Nitrohexane,3,4,0.26996,0.93525,0.01366,0.33577,4.77597
4-Nitrotoluene,3,4,0.95712,1.16350,0.03178,0.30062,5.33880
2-Nitrophenol,3,4,1.10787,1.09503,0.16920,0.36049,5.15339
3-Nitrophenol,3,4,1.08279,1.39040,0.90931,0.22608,5.59243
4-Nitrophenol,3,4,1.11988,1.58126,0.98840,0.22816,5.82982
Octanophenone,3,4,0.78615,0.94857,0.02420,0.55022,7.67110
Phenanthrene,3,4,2.32167,1.36274,0.03885,0.28140,8.06457
Phenol,3,4,0.87840,0.90992,0.63785,0.31711,4.26726
Pentafluorophenol,3,4,0.44101,0.83858,0.95729,0.13085,4.19724
Phenyl acetate,3,4,0.77136,1.07454,0.01350,0.52625,5.00622
2-Phenylethanol,3,4,0.89152,0.96792,0.35742,0.66160,5.13337
4-Phenylphenol,3,4,1.51897,1.34112,0.67214,0.45590,7.59984
1-Phenyl-2-propanol,3,4,0.82369,0.90766,0.35317,0.71605,5.34221
Phthalimide,3,4,1.21199,1.65573,0.56972,0.54295,6.15270
Progesterone,3,4,1.59909,3.34064,-0.03096,1.13999,13.81803
Propriophenone,3,4,0.83573,0.96029,0.03402,0.53081,5.14718
Propylbenzene,3,4,0.68579,0.51914,0.01621,0.17464,4.53782
o-Tolualdehyde,3,4,0.95289,0.99937,0.01901,0.41859,4.98332
Toluene,3,4,0.68523,0.57577,0.02215,0.16379,3.58603
"1,2,3-Trimethylbenzene",3,4,0.79791,0.63285,0.02361,0.18742,4.79637
Valerophenone,3,4,0.80019,0.92820,0.02992,0.53512,6.05376
Vanillin,3,4,1.04518,1.30490,0.37333,0.67583,6.00623
m-Xylene,3,4,0.67934,0.53127,0.02043,0.15081,3.98364
p-Xylene,3,4,0.69068,0.53410,0.01902,0.14397,3.95697
2-Aminobiphenyl,3,4,1.67192,1.44922,0.34189,0.48010,7.71035
Aniline,3,4,0.97268,0.97682,0.29503,0.36901,4.27141
4-Chloroaniline,3,4,1.10869,1.19977,0.34360,0.32475,5.32667
"3,4-Dichloroaniline",3,4,1.23145,1.25157,0.34549,0.23175,6.05515
"N, N-Diethylaniline",3,4,1.00057,0.82051,0.01165,0.43624,5.69050
"N, N-Dimethylaniline",3,4,1.00481,0.86802,0.01746,0.37637,4.97719
Diphenylamine,3,4,1.50091,1.17393,0.37048,0.33264,7.34210
N-Ethylaniline,3,4,0.98777,0.91042,0.20264,0.50937,5.04683
4-Fluoroaniline,3,4,0.83501,1.14082,0.36123,0.39698,4.26731
8-Hydroxyquinoline,3,4,1.52445,1.08831,0.10796,0.56785,6.16987
2-Methylaniline,3,4,1.03538,0.97104,0.22654,0.43994,4.97817
3-Methylaniline,3,4,1.05825,1.06414,0.27399,0.42383,4.86892
4-Methylaniline,3,4,1.01793,1.01884,0.26402,0.45786,4.83400
Pyridine,3,4,0.73914,0.81238,0.00831,0.53686,3.46983
Quinoline,3,4,1.35834,1.01311,0.01971,0.52657,5.88193
Acetanilide,4,0,0.96524,1.39899,0.47631,0.69506,6.01744
Acetophenone,4,0,0.89694,1.05902,0.01085,0.51243,5.07988
4-Aminobenzonitrile,4,0,1.09809,1.87558,0.43936,0.48111,5.80554
Anisole,4,0,0.77810,0.84012,0.02573,0.33639,4.31634
Benzamide,4,0,1.11855,1.51140,0.51988,0.72976,5.90824
Benzaldehyde,4,0,0.89336,1.05699,0.01052,0.44430,4.40619
Benzene,4,0,0.70999,0.62261,0.01406,0.19807,3.18488
Benzenesulfonamide,4,0,1.16384,1.25675,0.50274,1.07064,5.98471
Benzofuran,4,0,0.97792,0.92246,0.02370,0.19668,4.54202
Benzonitrile,4,0,0.74960,1.30021,0.02331,0.37880,4.57878
Benzophenone,4,0,1.45642,1.45089,0.00795,0.57847,7.79107
Benzyl alcohol,4,0,0.87830,0.97843,0.35012,0.62297,4.50213
Benzyl benzoate,4,0,1.34223,1.44378,0.02397,0.59348,8.16811
Biphenyl,4,0,1.44053,1.02680,0.01625,0.31171,6.74594
2-Bromoacetophenone,4,0,1.12619,1.46888,0.01645,0.48922,6.25312
1-Bromonaphthalene,4,0,1.68610,1.19436,0.01496,0.20756,7.24161
3-Bromophenol,4,0,1.15503,1.12472,0.68249,0.20530,5.30026
Butan-2-one,4,0,0.22824,0.74507,0.03166,0.54723,2.49757
Butyrophenone,4,0,0.85843,1.01427,0.01013,0.55509,5.85945
Caffeine,4,0,1.54038,1.86988,0.06645,1.20345,8.02799
1-Chloronaphthalene,4,0,1.52427,1.03473,0.01538,0.18964,6.61757
4-Chlorophenol,4,0,0.99019,1.13066,0.73532,0.18976,5.04863
Cinnamyl alcohol,4,0,1.10225,1.16051,0.38475,0.66466,5.88120
Coumarin,4,0,1.33055,1.65081,0.01021,0.52489,6.47524
4-Cyanophenol,4,0,0.94716,1.63780,0.83904,0.29583,5.49028
Cyclohexanone,4,0,0.46492,0.97859,0.02627,0.58322,4.13824
"1,3-Dibromobenzene",4,0,1.18047,0.91546,0.02819,0.09441,5.45108
Di-n-butyl phthalate,4,0,0.70136,1.29338,0.02410,0.94521,9.50168
Diethyl phthalate,4,0,0.80898,1.32501,0.02869,0.94442,7.56428
"2,6-Dimethylphenol",4,0,0.95580,0.85324,0.37594,0.46784,5.26494
Diphenyl ether,4,0,1.31612,1.15462,0.00490,0.23417,7.02367
Ethylbenzene,4,0,0.68972,0.59296,0.02150,0.21404,4.10931
Fluorene,4,0,1.70083,1.13587,0.01884,0.26918,7.17254
Heptan-2-one,4,0,0.20782,0.76882,0.03376,0.54763,4.04933
Hexanophenone,4,0,0.85025,1.01899,0.02499,0.54657,6.95501
4-Hydroxybenzaldehyde,4,0,1.12362,1.47445,0.77245,0.40728,5.61080
4-Hydroxybenzyl alcohol,4,0,1.09240,1.38167,0.90021,0.81351,5.62418
Indole,4,0,1.35048,1.35837,0.45498,0.19498,5.68506
Iodobenzene,4,0,1.19693,0.89898,0.02110,0.15770,4.81779
2-Methoxybenzaldehyde,4,0,1.00079,1.21564,0.00894,0.59119,5.54780
2-Methoxynaphthalene,4,0,1.47631,1.20290,0.01844,0.36764,6.81819
Methyl benzoate,4,0,0.80479,0.95765,0.01388,0.51353,4.97104
Methylparaben,4,0,1.02651,1.46529,0.73149,0.46460,6.21376
2-Methylphenol,4,0,0.93225,0.87468,0.51524,0.39130,4.59357
4-Methylphenol,4,0,0.87956,0.82554,0.62257,0.42362,4.61794
Methyl salicylate,4,0,0.99871,1.12690,0.19166,0.47248,5.81962
Naphthalene,4,0,1.40996,0.95889,0.01839,0.25618,5.60399
2-Naphthaldehyde,4,0,1.56492,1.68249,0.00605,0.42185,7.27750
1-Naphthol,4,0,1.60818,1.29898,0.63460,0.39759,6.82326
2-Naphthol,4,0,1.55240,1.32405,0.69153,0.37748,6.71696
Nicotinamide,4,0,1.11190,1.41566,0.61884,0.97127,5.43761
2-Nitroaniline,4,0,1.27342,1.43522,0.27433,0.36896,6.18232
4-Nitroaniline,4,0,1.26347,1.91253,0.49379,0.36021,6.55706
Nitrobenzene,4,0,0.93084,1.31681,0.02474,0.28562,5.17421
4-Nitrobenzyl alcohol,4,0,1.07064,1.41521,0.44567,0.63806,5.88135
1-Nitrohexane,4,0,0.22529,0.97692,0.01745,0.31049,4.73128
4-Nitrotoluene,4,0,0.98310,1.22828,0.02979,0.30337,5.57793
2-Nitrophenol,4,0,1.10800,1.25102,0.02977,0.40043,5.54234
3-Nitrophenol,4,0,1.16644,1.49283,0.88503,0.22069,5.82520
4-Nitrophenol,4,0,1.16446,1.64346,0.94774,0.20663,5.91183
Octanophenone,4,0,0.84109,1.02752,0.02407,0.53087,8.07711
Phenanthrene,4,0,2.25395,1.33601,0.01839,0.32780,8.35178
Phenol,4,0,0.86867,0.96153,0.62386,0.38955,4.12039
Pentafluorophenol,4,0,0.43861,0.95108,0.83684,0.14628,4.06164
Phenyl acetate,4,0,0.84739,1.10186,0.00826,0.51442,5.24150
2-Phenylethanol,4,0,0.90270,0.97010,0.34133,0.69945,5.05491
4-Phenylphenol,4,0,1.48965,1.41521,0.66486,0.45911,7.84898
1-Phenyl-2-propanol,4,0,0.82080,1.00552,0.32339,0.72437,5.22086
Phthalimide,4,0,1.29780,2.03565,0.37393,0.53185,6.47059
Progesterone,4,0,1.58558,3.43626,-0.00439,1.16543,14.28243
Propriophenone,4,0,0.86617,1.02200,0.00604,0.53369,5.34898
Propylbenzene,4,0,0.67013,0.57290,0.02590,0.21880,4.49659
o-Tolualdehyde,4,0,0.89801,0.99879,0.01058,0.47436,5.05632
Toluene,4,0,0.69832,0.62527,0.02062,0.20858,3.82021
"1,2,3-Trimethylbenzene",4,0,0.75422,0.65547,0.02238,0.24059,4.75093
Valerophenone,4,0,0.85576,1.00756,0.01389,0.57197,6.35818
Vanillin,4,0,1.15303,1.53101,0.20474,0.63123,6.39705
m-Xylene,4,0,0.66647,0.58203,0.02093,0.20864,4.04483
p-Xylene,4,0,0.66235,0.59150,0.01838,0.22322,4.06894
2-Aminobiphenyl,4,0,1.72921,1.50020,0.23962,0.48653,8.13970
Aniline,4,0,1.03275,0.98268,0.24071,0.45820,4.56329
4-Chloroaniline,4,0,1.14969,1.19421,0.29602,0.31696,5.38987
"3,4-Dichloroaniline",4,0,1.27956,1.25250,0.31541,0.26083,6.11090
"N, N-Diethylaniline",4,0,1.03651,0.87762,0.00563,0.45768,5.78340
"N, N-Dimethylaniline",4,0,1.06780,0.90185,0.00989,0.44181,5.33419
Diphenylamine,4,0,1.57015,1.18198,0.28382,0.39691,7.77212
N-Ethylaniline,4,0,1.06714,0.92223,0.18163,0.52794,5.42554
4-Fluoroaniline,4,0,0.80927,1.13966,0.31135,0.37967,4.35867
8-Hydroxyquinoline,4,0,1.52429,1.15501,0.02408,0.59150,6.30887
2-Methylaniline,4,0,1.06038,0.97370,0.19041,0.52044,4.89794
3-Methylaniline,4,0,1.03287,1.06484,0.21718,0.49469,4.84308
4-Methylaniline,4,0,0.98991,1.03423,0.21234,0.48331,4.91914
Pyridine,4,0,0.76941,0.95242,0.02887,0.56876,3.55588
Quinoline,4,0,1.41892,1.09489,0.01955,0.59022,5.94611
Acetanilide,4,1,0.95028,1.45010,0.56912,0.65424,5.86391
Acetophenone,4,1,0.86952,1.01577,0.02186,0.48135,4.90673
4-Aminobenzonitrile,4,1,1.18772,1.82867,0.40043,0.41364,5.81225
Anisole,4,1,0.80885,0.81475,0.02418,0.30185,4.32422
Benzamide,4,1,1.05717,1.39314,0.53019,0.71499,5.46436
Benzaldehyde,4,1,0.87208,1.04770,0.02071,0.39669,4.23569
Benzene,4,1,0.68173,0.54440,0.03379,0.16342,2.70043
Benzenesulfonamide,4,1,1.19712,1.18260,0.52700,0.99420,5.75562
Benzofuran,4,1,0.97317,0.81179,0.02741,0.17051,4.87013
Benzonitrile,4,1,0.79642,1.19447,0.02779,0.37130,4.49505
Benzophenone,4,1,1.48215,1.38080,0.03964,0.49205,7.82669
Benzyl alcohol,4,1,0.87151,0.91538,0.37122,0.63952,4.53089
Benzyl benzoate,4,1,1.34877,1.34230,0.02366,0.55744,8.12306
Biphenyl,4,1,1.44844,1.03257,0.04101,0.23089,6.61897
2-Bromoacetophenone,4,1,1.12253,1.41475,0.03016,0.46129,6.25458
1-Bromonaphthalene,4,1,1.75380,1.20350,0.01516,0.13646,7.18581
3-Bromophenol,4,1,1.12456,1.11387,0.69534,0.19772,5.44461
Butan-2-one,4,1,0.20726,0.70737,0.02635,0.50598,2.36233
Butyrophenone,4,1,0.83157,0.97693,0.02668,0.49993,5.78585
Caffeine,4,1,1.47288,1.80463,0.11946,1.23464,7.57250
1-Chloronaphthalene,4,1,1.51521,1.03172,0.00575,0.14566,6.40077
4-Chlorophenol,4,1,0.97670,1.13184,0.71415,0.20769,5.12439
Cinnamyl alcohol,4,1,1.13221,1.04411,0.39906,0.65194,5.62640
Coumarin,4,1,1.26047,1.53709,0.02785,0.51100,6.10449
4-Cyanophenol,4,1,0.97155,1.55767,0.81368,0.29950,5.48358
Cyclohexanone,4,1,0.47103,0.92486,0.05477,0.53198,4.03314
"1,3-Dibromobenzene",4,1,1.19643,0.87376,0.04838,0.03863,5.39166
Di-n-butyl phthalate,4,1,0.70535,1.29105,0.02967,0.93013,9.38578
Diethyl phthalate,4,1,0.76440,1.30039,0.04708,0.90744,7.56193
"2,6-Dimethylphenol",4,1,0.90814,0.79182,0.41224,0.42590,5.10878
Diphenyl ether,4,1,1.30231,1.14147,0.01437,0.18840,6.62250
Ethylbenzene,4,1,0.62223,0.51042,0.04073,0.17877,3.98187
Fluorene,4,1,1.78356,1.13827,0.02343,0.23489,7.32128
Heptan-2-one,4,1,0.17050,0.73150,0.04565,0.49972,3.98266
Hexanophenone,4,1,0.85082,0.99560,0.03323,0.47414,6.66276
4-Hydroxybenzaldehyde,4,1,1.05631,1.46763,0.78731,0.40534,5.60661
4-Hydroxybenzyl alcohol,4,1,1.07047,1.33012,0.90685,0.81368,5.51313
Indole,4,1,1.30163,1.35586,0.46871,0.17229,5.72055
Iodobenzene,4,1,1.26087,0.85626,0.03683,0.10629,4.65693
2-Methoxybenzaldehyde,4,1,1.03246,1.18864,0.01332,0.58527,5.65565
2-Methoxynaphthalene,4,1,1.52832,1.21167,0.01966,0.35435,7.02903
Methyl benzoate,4,1,0.77341,0.89545,0.03186,0.47393,5.11397
Methylparaben,4,1,0.98394,1.45645,0.75251,0.45839,6.16616
2-Methylphenol,4,1,0.90653,0.84973,0.55009,0.35991,4.55662
4-Methylphenol,4,1,0.85315,0.91380,0.62870,0.32568,4.58094
Methyl salicylate,4,1,1.00718,1.18090,0.18480,0.46870,5.76308
Naphthalene,4,1,1.43809,0.93324,0.02639,0.20605,5.48626
2-Naphthaldehyde,4,1,1.60254,1.76095,0.01221,0.41558,7.65723
1-Naphthol,4,1,1.60823,1.27303,0.61018,0.34829,7.08234
2-Naphthol,4,1,1.56284,1.27819,0.68229,0.35052,7.10099
Nicotinamide,4,1,1.08462,1.30543,0.64058,0.98150,5.19782
2-Nitroaniline,4,1,1.24398,1.47978,0.32109,0.39600,5.96769
4-Nitroaniline,4,1,1.30551,1.92754,0.51896,0.33066,6.43014
Nitrobenzene,4,1,1.00590,1.32449,0.02653,0.22986,4.29472
4-Nitrobenzyl alcohol,4,1,1.12211,1.38840,0.45540,0.61279,5.89780
1-Nitrohexane,4,1,0.27477,1.03404,0.03116,0.33032,4.55317
4-Nitrotoluene,4,1,0.99605,1.19259,0.05383,0.29209,5.39805
2-Nitrophenol,4,1,1.18324,1.28775,0.03557,0.37951,5.47400
3-Nitrophenol,4,1,1.11689,1.53483,0.89576,0.15844,5.68331
4-Nitrophenol,4,1,1.14439,1.68610,0.96823,0.19364,5.82241
Octanophenone,4,1,0.85609,0.98975,0.02902,0.45934,7.75021
Phenanthrene,4,1,2.32924,1.33855,0.00899,0.27821,8.30895
Phenol,4,1,0.86916,0.93157,0.62872,0.33474,4.18311
Pentafluorophenol,4,1,0.37985,0.83882,0.81648,0.10348,3.88351
Phenyl acetate,4,1,0.76505,1.01245,0.02886,0.57511,5.06513
2-Phenylethanol,4,1,0.88142,0.93500,0.37014,0.71526,4.89551
4-Phenylphenol,4,1,1.47201,1.34771,0.62133,0.39486,7.76354
1-Phenyl-2-propanol,4,1,0.82408,0.89396,0.35607,0.74418,5.24326
Phthalimide,4,1,1.12633,1.79771,0.39477,0.62271,6.26376
Progesterone,4,1,1.56906,3.28071,0.00211,1.14006,13.94832
Propriophenone,4,1,0.84245,0.99597,0.02528,0.48935,5.31348
Propylbenzene,4,1,0.59995,0.48766,0.02893,0.15414,4.32491
o-Tolualdehyde,4,1,0.87882,0.95961,0.00981,0.44796,4.74020
Toluene,4,1,0.65729,0.54050,0.03630,0.20002,3.46588
"1,2,3-Trimethylbenzene",4,1,0.72311,0.60899,0.02995,0.20814,4.56722
Valerophenone,4,1,0.83205,0.96815,0.03021,0.50630,6.32191
Vanillin,4,1,1.04337,1.53961,0.19100,0.57537,6.35299
m-Xylene,4,1,0.62309,0.50763,0.03253,0.18203,3.84570
p-Xylene,4,1,0.62377,0.52573,0.03136,0.18133,3.80289
2-Aminobiphenyl,4,1,1.71767,1.59292,0.28056,0.40647,7.86939
Aniline,4,1,1.05252,1.04322,0.28742,0.33100,4.31050
4-Chloroaniline,4,1,1.10003,1.22750,0.32839,0.31049,5.03024
"3,4-Dichloroaniline",4,1,1.21814,1.28602,0.33460,0.21445,6.01649
"N, N-Diethylaniline",4,1,0.98199,0.84954,0.03389,0.45623,5.90425
"N, N-Dimethylaniline",4,1,1.02635,0.90116,0.04113,0.41144,5.28640
Diphenylamine,4,1,1.48972,1.25944,0.32223,0.30008,7.57868
N-Ethylaniline,4,1,0.93601,0.91533,0.21874,0.49337,4.99759
4-Fluoroaniline,4,1,0.74976,1.17174,0.33541,0.37630,4.06379
8-Hydroxyquinoline,4,1,1.48695,1.03844,0.03203,0.59055,6.24218
2-Methylaniline,4,1,1.04245,1.06535,0.24497,0.46095,4.76702
3-Methylaniline,4,1,1.05268,1.08719,0.26190,0.45069,4.65963
4-Methylaniline,4,1,0.99164,1.09505,0.25166,0.45063,4.83366
Pyridine,4,1,0.69893,0.89924,0.01353,0.54062,3.26796
Quinoline,4,1,1.43173,0.98361,0.01228,0.55206,6.01259
Acetanilide,4,2,0.93554,1.53709,0.53449,0.67375,5.97186
Acetophenone,4,2,0.85729,1.07347,0.01304,0.50942,4.84486
4-Aminobenzonitrile,4,2,1.12515,1.92850,0.42683,0.46239,5.75763
Anisole,4,2,0.71862,0.77659,0.01456,0.31329,3.92490
Benzamide,4,2,1.05256,1.44960,0.52657,0.72694,5.51646
Benzaldehyde,4,2,0.81910,0.99979,0.02679,0.41987,4.24739
Benzene,4,2,0.64419,0.57893,0.01206,0.17390,2.91346
Benzenesulfonamide,4,2,1.17307,1.20659,0.48538,1.03122,5.94005
Benzofuran,4,2,0.93979,0.92285,0.03103,0.14682,4.32191
Benzonitrile,4,2,0.82139,1.28329,0.03206,0.36708,4.45237
Benzophenone,4,2,1.39391,1.42625,0.02136,0.56027,7.54431
Benzyl alcohol,4,2,0.82969,0.98892,0.33264,0.59925,4.65507
Benzyl benzoate,4,2,1.25613,1.37907,0.05217,0.55668,7.96219
Biphenyl,4,2,1.41955,1.09513,0.03813,0.27141,6.54033
2-Bromoacetophenone,4,2,1.09120,1.47352,0.03930,0.46171,6.21079
1-Bromonaphthalene,4,2,1.69994,1.20507,0.04671,0.14452,6.89512
3-Bromophenol,4,2,1.12155,1.19367,0.72688,0.19041,5.43038
Butan-2-one,4,2,0.17233,0.69545,0.05219,0.52580,2.24236
Butyrophenone,4,2,0.80769,0.94242,0.01296,0.54251,5.72876
Caffeine,4,2,1.43087,1.82060,0.13979,1.22636,8.03088
1-Chloronaphthalene,4,2,1.45466,1.04060,0.03725,0.12398,6.13813
4-Chlorophenol,4,2,0.99689,1.16024,0.78975,0.21545,5.14333
Cinnamyl alcohol,4,2,1.09432,1.12401,0.38983,0.64667,5.84796
Coumarin,4,2,1.17855,1.61429,0.02181,0.51774,5.85976
4-Cyanophenol,4,2,0.98942,1.61261,0.82711,0.30608,5.64636
Cyclohexanone,4,2,0.42128,0.86541,0.02906,0.55299,3.77577
"1,3-Dibromobenzene",4,2,1.16514,0.94548,0.03156,0.04263,5.33365
Di-n-butyl phthalate,4,2,0.65216,1.31424,0.03301,0.93003,9.44401
Diethyl phthalate,4,2,0.71335,1.28164,0.03417,0.89725,7.54475
"2,6-Dimethylphenol",4,2,0.91127,0.87703,0.36923,0.39741,5.07981
Diphenyl ether,4,2,1.29867,1.14875,0.01955,0.23704,6.57521
Ethylbenzene,4,2,0.67067,0.58286,0.01665,0.18056,4.08259
Fluorene,4,2,1.70205,1.19439,0.01786,0.22830,7.14990
Heptan-2-one,4,2,0.12512,0.69904,0.02929,0.51365,3.95767
Hexanophenone,4,2,0.79234,0.96547,0.02590,0.50975,6.69582
4-Hydroxybenzaldehyde,4,2,1.04847,1.40581,0.76951,0.42327,5.64326
4-Hydroxybenzyl alcohol,4,2,1.09555,1.32880,0.91724,0.81267,5.82759
Indole,4,2,1.24380,1.32676,0.46035,0.18646,5.50604
Iodobenzene,4,2,1.20745,0.90834,0.03252,0.09556,4.68393
2-Methoxybenzaldehyde,4,2,0.94876,1.14930,0.00748,0.56479,5.42299
2-Methoxynaphthalene,4,2,1.41269,1.22627,0.01499,0.38438,6.58031
Methyl benzoate,4,2,0.71938,0.96379,0.03957,0.43525,4.89832
Methylparaben,4,2,0.99730,1.49169,0.70870,0.46928,6.12833
2-Methylphenol,4,2,0.89863,0.88807,0.51820,0.34969,4.50174
4-Methylphenol,4,2,0.84594,0.90393,0.59102,0.34948,4.70896
Methyl salicylate,4,2,0.96145,1.17694,0.18745,0.49090,5.91700
Naphthalene,4,2,1.42106,0.98847,0.03900,0.26086,5.35236
2-Naphthaldehyde,4,2,1.57462,1.68567,0.00141,0.42331,7.33557
1-Naphthol,4,2,1.55003,1.25912,0.61699,0.38450,6.67207
2-Naphthol,4,2,1.50747,1.30263,0.71261,0.36452,6.69606
Nicotinamide,4,2,1.06579,1.29174,0.63690,1.00451,5.22033
2-Nitroaniline,4,2,1.20554,1.42876,0.30025,0.38442,5.67725
4-Nitroaniline,4,2,1.21630,1.90604,0.49669,0.38704,6.25604
Nitrobenzene,4,2,0.80576,1.21640,0.02375,0.36536,4.74091
4-Nitrobenzyl alcohol,4,2,0.99776,1.40440,0.46758,0.65041,5.80960
1-Nitrohexane,4,2,0.19477,1.04229,0.04594,0.32595,4.72235
4-Nitrotoluene,4,2,0.89070,1.19355,0.01628,0.33228,5.54403
2-Nitrophenol,4,2,1.14973,1.27582,0.05434,0.35549,5.60530
3-Nitrophenol,4,2,1.10932,1.50565,0.86945,0.22268,5.88301
4-Nitrophenol,4,2,1.10692,1.69937,0.92884,0.21336,6.13341
Octanophenone,4,2,0.75889,0.96233,0.01897,0.50631,7.76099
Phenanthrene,4,2,2.24349,1.40411,0.01021,0.29566,8.00116
Phenol,4,2,0.87985,0.96454,0.64584,0.34001,4.18726
Pentafluorophenol,4,2,0.39803,0.96800,0.83183,0.06307,3.86219
Phenyl acetate,4,2,0.74069,1.14341,0.01097,0.47144,4.76770
2-Phenylethanol,4,2,0.84877,0.98297,0.30793,0.69145,5.16584
4-Phenylphenol,4,2,1.47895,1.39232,0.64341,0.40640,7.58901
1-Phenyl-2-propanol,4,2,0.81440,0.95459,0.32687,0.72918,5.37342
Phthalimide,4,2,1.18944,1.81909,0.43195,0.60581,6.02294
Progesterone,4,2,1.50558,3.33650,0.01402,1.18987,13.91412
Propriophenone,4,2,0.83407,0.97900,0.01283,0.52207,5.24052
Propylbenzene,4,2,0.67872,0.55035,0.01777,0.18775,4.57479
o-Tolualdehyde,4,2,0.91128,0.99781,0.00767,0.45546,4.91628
Toluene,4,2,0.68071,0.61265,0.01194,0.16625,3.64724
"1,2,3-Trimethylbenzene",4,2,0.79033,0.63857,0.01330,0.18708,4.75626
Valerophenone,4,2,0.78261,0.91789,0.01838,0.54337,6.24868
Vanillin,4,2,1.12462,1.49956,0.21192,0.59131,6.23492
m-Xylene,4,2,0.70182,0.56559,0.00953,0.17357,4.02806
p-Xylene,4,2,0.69089,0.55710,0.00881,0.17706,4.02366
2-Aminobiphenyl,4,2,1.62460,1.50783,0.29168,0.48939,7.54289
Aniline,4,2,0.97357,1.00983,0.25926,0.41803,4.02824
4-Chloroaniline,4,2,1.09401,1.26896,0.33126,0.32086,4.86919
"3,4-Dichloroaniline",4,2,1.17672,1.31062,0.33718,0.23623,5.60257
"N, N-Diethylaniline",4,2,0.96324,0.88841,0.00472,0.43544,5.50888
"N, N-Dimethylaniline",4,2,0.95607,0.84725,0.00805,0.43533,4.84881
Diphenylamine,4,2,1.47357,1.23463,0.30418,0.33457,7.50108
N-Ethylaniline,4,2,0.99423,0.95389,0.18629,0.50530,5.14381
4-Fluoroaniline,4,2,0.74795,1.23424,0.35432,0.40494,4.08630
8-Hydroxyquinoline,4,2,1.46350,1.07359,0.07972,0.62537,6.10776
2-Methylaniline,4,2,0.99824,1.04039,0.21104,0.49330,4.70706
3-Methylaniline,4,2,0.93522,1.14973,0.25989,0.44953,4.73666
4-Methylaniline,4,2,0.93419,1.12362,0.23808,0.47852,4.77027
Pyridine,4,2,0.68479,0.88908,0.02622,0.55952,3.19941
Quinoline,4,2,1.28310,0.99165,0.01363,0.53285,5.52853
Acetanilide,4,3,0.97132,1.42205,0.48794,0.63036,5.87122
Acetophenone,4,3,0.81817,1.00186,0.02649,0.46058,4.67813
4-Aminobenzonitrile,4,3,1.15660,1.95198,0.41771,0.42909,6.00916
Anisole,4,3,0.76321,0.82430,0.02509,0.29513,4.03468
Benzamide,4,3,1.02158,1.37712,0.55778,0.74003,5.55083
Benzaldehyde,4,3,0.86736,1.00919,0.03623,0.42644,4.31654
Benzene,4,3,0.67475,0.55708,0.01287,0.18163,2.99068
Benzenesulfonamide,4,3,1.18302,1.16785,0.48761,0.97856,5.70715
Benzofuran,4,3,0.94973,0.87704,0.04710,0.13555,4.27800
Benzonitrile,4,3,0.81923,1.27668,0.03149,0.33697,4.46012
Benzophenone,4,3,1.41600,1.36908,0.02959,0.52088,7.55168
Benzyl alcohol,4,3,0.83167,0.83260,0.34474,0.56511,4.41708
Benzyl benzoate,4,3,1.31956,1.31948,0.02076,0.59706,8.18617
Biphenyl,4,3,1.44340,0.97311,0.02315,0.28262,6.40702
2-Bromoacetophenone,4,3,1.08371,1.39790,0.04832,0.43347,6.29851
1-Bromonaphthalene,4,3,1.69043,1.14912,0.02815,0.15705,6.66130
3-Bromophenol,4,3,1.06914,1.06467,0.65310,0.18958,5.48651
Butan-2-one,4,3,0.12379,0.67300,0.05182,0.48517,2.29146
Butyrophenone,4,3,0.79164,0.92704,0.02900,0.48238,5.55617
Caffeine,4,3,1.42723,1.88355,0.12955,1.26926,7.86702
1-Chloronaphthalene,4,3,1.50038,1.05435,0.02770,0.13908,6.02712
4-Chlorophenol,4,3,0.94647,1.09324,0.69659,0.19101,4.97216
Cinnamyl alcohol,4,3,1.09505,0.92904,0.35410,0.57346,5.75844
Coumarin,4,3,1.22761,1.60614,0.03333,0.53666,6.11989
4-Cyanophenol,4,3,0.96239,1.59268,0.78309,0.28700,5.49947
Cyclohexanone,4,3,0.35578,0.89880,0.04696,0.56329,4.00814
"1,3-Dibromobenzene",4,3,1.22802,0.88122,0.04667,0.04778,5.37221
Di-n-butyl phthalate,4,3,0.66561,1.29255,0.01742,0.92095,9.24634
Diethyl phthalate,4,3,0.77600,1.30666,0.04619,0.88409,7.39525
"2,6-Dimethylphenol",4,3,0.85781,0.82250,0.36474,0.41642,5.02573
Diphenyl ether,4,3,1.29228,1.10129,0.01918,0.21308,6.46011
Ethylbenzene,4,3,0.61690,0.53433,0.02568,0.17278,3.95675
Fluorene,4,3,1.70027,1.16637,0.03511,0.23690,6.62009
Heptan-2-one,4,3,0.11161,0.68167,0.03883,0.50971,3.61947
Hexanophenone,4,3,0.78068,0.91930,0.03116,0.47503,6.62073
4-Hydroxybenzaldehyde,4,3,1.06518,1.42263,0.73973,0.43576,5.52216
4-Hydroxybenzyl alcohol,4,3,1.01037,1.27524,0.89579,0.77217,5.44011
Indole,4,3,1.24968,1.22271,0.44812,0.19542,5.42820
Iodobenzene,4,3,1.23936,0.84740,0.02816,0.11473,4.69665
2-Methoxybenzaldehyde,4,3,0.99459,1.19490,0.02013,0.55995,5.42599
2-Methoxynaphthalene,4,3,1.45491,1.16751,0.03150,0.33930,6.60927
Methyl benzoate,4,3,0.77167,0.82852,0.04299,0.43508,4.88964
Methylparaben,4,3,0.94538,1.43038,0.69923,0.46681,6.11794
2-Methylphenol,4,3,0.86811,0.86871,0.51814,0.34579,4.46494
4-Methylphenol,4,3,0.86346,0.84251,0.57950,0.34872,4.45674
Methyl salicylate,4,3,0.90471,1.20765,0.20887,0.46328,5.62015
Naphthalene,4,3,1.38902,0.90733,0.02335,0.22611,5.15413
2-Naphthaldehyde,4,3,1.56329,1.70229,0.01510,0.44172,7.21110
1-Naphthol,4,3,1.53252,1.17323,0.61018,0.39622,6.65271
2-Naphthol,4,3,1.53701,1.23517,0.65974,0.35558,6.68799
Nicotinamide,4,3,1.03312,1.17714,0.63697,0.95026,5.40965
2-Nitroaniline,4,3,1.25351,1.50269,0.34767,0.40341,6.03486
4-Nitroaniline,4,3,1.31174,1.94782,0.52429,0.42420,6.49274
Nitrobenzene,4,3,0.88311,1.18598,0.02941,0.31266,4.68115
4-Nitrobenzyl alcohol,4,3,1.05813,1.32601,0.53245,0.65408,5.74558
1-Nitrohexane,4,3,0.21476,0.93597,0.05165,0.29240,4.69729
4-Nitrotoluene,4,3,0.89769,1.23716,0.02955,0.33054,5.62843
2-Nitrophenol,4,3,1.01592,1.16461,0.07311,0.34354,5.02389
3-Nitrophenol,4,3,1.09308,1.46794,0.90227,0.28906,5.93533
4-Nitrophenol,4,3,1.08233,1.67241,0.94838,0.25858,6.18991
Octanophenone,4,3,0.77176,0.94454,0.03151,0.49628,7.52210
Phenanthrene,4,3,2.23030,1.26688,0.04005,0.30683,7.64122
Phenol,4,3,0.87892,0.93131,0.62171,0.33874,4.05761
Pentafluorophenol,4,3,0.38743,0.86648,0.81268,0.07224,3.93908
Phenyl acetate,4,3,0.78401,1.09025,0.02805,0.50198,4.86813
2-Phenylethanol,4,3,0.83862,0.79001,0.32517,0.64078,4.81112
4-Phenylphenol,4,3,1.47165,1.29597,0.60107,0.44091,7.42287
1-Phenyl-2-propanol,4,3,0.76853,0.80158,0.32746,0.68955,4.98362
Phthalimide,4,3,1.20617,1.82734,0.36636,0.59167,6.22114
Progesterone,4,3,1.55184,3.31269,0.02318,1.12138,13.75087
Propriophenone,4,3,0.79896,0.93931,0.02756,0.46703,5.09536
Propylbenzene,4,3,0.60172,0.50225,0.02540,0.16672,4.42539
o-Tolualdehyde,4,3,0.90885,0.94603,0.02220,0.45747,4.75392
Toluene,4,3,0.66110,0.58029,0.03269,0.18290,3.62938
"1,2,3-Trimethylbenzene",4,3,0.73063,0.61865,0.02633,0.21443,4.68179
Valerophenone,4,3,0.79730,0.89413,0.02743,0.47593,6.11453
Vanillin,4,3,1.05764,1.47001,0.20130,0.63932,5.87454
m-Xylene,4,3,0.63499,0.53845,0.02683,0.19349,3.89940
p-Xylene,4,3,0.64243,0.54298,0.02605,0.19356,3.91695
2-Aminobiphenyl,4,3,1.66339,1.51269,0.28828,0.44250,7.83838
Aniline,4,3,1.00863,1.03339,0.27551,0.38319,4.20111
4-Chloroaniline,4,3,1.14336,1.21441,0.32211,0.30481,5.22695
"3,4-Dichloroaniline",4,3,1.26100,1.25065,0.35155,0.24554,6.00209
"N, N-Diethylaniline",4,3,0.95751,0.84545,0.02597,0.42262,5.59195
"N, N-Dimethylaniline",4,3,0.99898,0.81463,0.04179,0.40145,4.87341
Diphenylamine,4,3,1.55819,1.16813,0.31446,0.32155,7.57993
N-Ethylaniline,4,3,0.97365,0.86121,0.17776,0.49151,5.07972
4-Fluoroaniline,4,3,0.82231,1.19734,0.34071,0.37033,4.27921
8-Hydroxyquinoline,4,3,1.42915,1.04502,0.06380,0.62299,6.00231
2-Methylaniline,4,3,1.04884,1.04627,0.23787,0.44267,4.76158
3-Methylaniline,4,3,1.01608,1.09158,0.26311,0.44733,4.86406
4-Methylaniline,4,3,0.99910,1.05364,0.25763,0.42798,4.92792
Pyridine,4,3,0.68664,0.84698,0.03671,0.54030,3.41634
Quinoline,4,3,1.33922,0.97141,0.03689,0.55865,5.57134
Acetanilide,4,4,0.99553,1.51322,0.51813,0.69516,5.87390
Acetophenone,4,4,0.89026,1.06809,0.01599,0.52171,4.87563
4-Aminobenzonitrile,4,4,1.17487,1.88371,0.41013,0.53680,6.04399
Anisole,4,4,0.75874,0.88690,0.04613,0.36404,4.37799
Benzamide,4,4,1.14903,1.46051,0.53250,0.76412,5.73448
Benzaldehyde,4,4,0.92461,1.08052,0.02757,0.44181,4.48529
Benzene,4,4,0.70003,0.60143,0.02762,0.20847,3.14282
Benzenesulfonamide,4,4,1.28395,1.24173,0.51242,1.05584,6.11312
Benzofuran,4,4,1.01124,0.96380,0.03223,0.17716,4.76256
Benzonitrile,4,4,0.86788,1.36459,0.02451,0.42699,4.81644
Benzophenone,4,4,1.44110,1.42797,0.04468,0.54807,7.66813
Benzyl alcohol,4,4,0.92003,0.93859,0.34364,0.64094,4.77067
Benzyl benzoate,4,4,1.39785,1.47173,0.03213,0.55211,8.12597
Biphenyl,4,4,1.47754,1.09375,0.02497,0.29248,6.79142
2-Bromoacetophenone,4,4,1.12393,1.50005,0.03460,0.47380,6.45154
1-Bromonaphthalene,4,4,1.75104,1.21929,0.03142,0.17521,7.24273
3-Bromophenol,4,4,1.15823,1.15637,0.68555,0.24041,5.55017
Butan-2-one,4,4,0.17600,0.76745,0.02699,0.56531,2.37552
Butyrophenone,4,4,0.84702,1.01091,0.01508,0.56124,5.80674
Caffeine,4,4,1.51101,2.03255,0.08271,1.25062,8.49743
1-Chloronaphthalene,4,4,1.55043,1.06664,0.01422,0.14708,6.45894
4-Chlorophenol,4,4,1.01570,1.15273,0.69032,0.23436,5.42265
Cinnamyl alcohol,4,4,1.16302,1.08258,0.36037,0.64947,6.04060
Coumarin,4,4,1.29192,1.65149,0.04072,0.53292,6.34529
4-Cyanophenol,4,4,1.04065,1.71252,0.74960,0.37459,5.75893
Cyclohexanone,4,4,0.46481,0.96289,0.01383,0.59174,4.20365
"1,3-Dibromobenzene",4,4,1.22172,0.92446,0.02829,0.07347,5.59275
Di-n-butyl phthalate,4,4,0.73648,1.37476,0.03266,0.97434,9.52986
Diethyl phthalate,4,4,0.80037,1.37550,0.03035,0.94356,7.39774
"2,6-Dimethylphenol",4,4,0.89475,0.84574,0.38269,0.44705,5.12098
Diphenyl ether,4,4,1.28099,1.16760,0.02563,0.23809,6.88576
Ethylbenzene,4,4,0.67213,0.57131,0.03361,0.20205,4.28193
Fluorene,4,4,1.77253,1.21177,0.02195,0.25149,7.42044
Heptan-2-one,4,4,0.15349,0.74512,0.02275,0.56414,4.02601
Hexanophenone,4,4,0.78591,0.97537,0.02202,0.56367,6.66389
4-Hydroxybenzaldehyde,4,4,1.07362,1.45285,0.71130,0.49211,5.48382
4-Hydroxybenzyl alcohol,4,4,1.09910,1.33632,0.88223,0.87594,5.93841
Indole,4,4,1.28660,1.34949,0.46103,0.21978,5.62782
Iodobenzene,4,4,1.28137,0.93565,0.03208,0.14483,4.84554
2-Methoxybenzaldehyde,4,4,1.00365,1.24653,0.02908,0.61611,5.69209
2-Methoxynaphthalene,4,4,1.51046,1.23137,0.02398,0.38423,6.98382
Methyl benzoate,4,4,0.78772,1.01762,0.03195,0.48763,4.92358
Methylparaben,4,4,0.99180,1.45954,0.71052,0.54026,6.20035
2-Methylphenol,4,4,0.91341,0.90113,0.49948,0.40366,4.64756
4-Methylphenol,4,4,0.89330,0.92989,0.57258,0.40441,4.85694
Methyl salicylate,4,4,0.97652,1.20409,0.15059,0.52246,5.27079
Naphthalene,4,4,1.46454,0.98520,0.02323,0.25234,5.63524
2-Naphthaldehyde,4,4,1.61242,1.75053,0.01638,0.45250,7.48174
1-Naphthol,4,4,1.63025,1.28166,0.60598,0.38246,7.06390
2-Naphthol,4,4,1.63376,1.31343,0.64970,0.38044,7.10911
Nicotinamide,4,4,1.12625,1.30952,0.60447,0.99847,5.45628
2-Nitroaniline,4,4,1.25868,1.38273,0.33793,0.42894,5.95577
4-Nitroaniline,4,4,1.29094,1.95179,0.51642,0.40744,6.49941
Nitrobenzene,4,4,0.95920,1.31735,0.04222,0.38785,5.21813
4-Nitrobenzyl alcohol,4,4,1.09066,1.42291,0.45214,0.68233,5.86568
1-Nitrohexane,4,4,0.28508,1.05716,0.02506,0.37514,4.93818
4-Nitrotoluene,4,4,0.97079,1.32097,0.04110,0.33872,5.63475
2-Nitrophenol,4,4,1.07904,1.14543,0.03283,0.42963,5.33898
3-Nitrophenol,4,4,1.15276,1.53658,0.84136,0.26448,5.54253
4-Nitrophenol,4,4,1.16109,1.72851,0.86930,0.25214,5.94233
Octanophenone,4,4,0.74298,0.97653,0.02112,0.55753,7.75408
Phenanthrene,4,4,2.31904,1.42137,0.01360,0.31537,8.19814
Phenol,4,4,0.92239,0.99571,0.58831,0.37540,4.38308
Pentafluorophenol,4,4,0.39604,0.87176,0.78047,0.15993,3.86239
Phenyl acetate,4,4,0.73864,1.06778,0.01811,0.59810,4.98987
2-Phenylethanol,4,4,0.91764,0.95427,0.33300,0.75001,5.16141
4-Phenylphenol,4,4,1.57301,1.35595,0.59261,0.46630,7.85895
1-Phenyl-2-propanol,4,4,0.89766,0.90974,0.32754,0.76492,5.39741
Phthalimide,4,4,1.21904,1.67149,0.40340,0.55982,6.26860
Progesterone,4,4,1.53782,3.40367,-0.00532,1.18550,14.25364
Propriophenone,4,4,0.85975,1.01294,0.01508,0.54558,5.30384
Propylbenzene,4,4,0.63939,0.53842,0.03007,0.20437,4.77843
o-Tolualdehyde,4,4,0.94581,0.97458,0.03654,0.49068,4.97115
Toluene,4,4,0.65012,0.58930,0.02838,0.20488,3.72651
"1,2,3-Trimethylbenzene",4,4,0.76776,0.67083,0.02091,0.23161,4.64815
Valerophenone,4,4,0.83359,0.98997,0.01753,0.57935,6.27175
Vanillin,4,4,1.14318,1.46805,0.23945,0.65424,6.13268
m-Xylene,4,4,0.66367,0.58398,0.03009,0.21151,4.09749
p-Xylene,4,4,0.65828,0.57186,0.02958,0.20178,4.03812
2-Aminobiphenyl,4,4,1.70391,1.50807,0.30349,0.48213,8.01995
Aniline,4,4,1.01574,0.99194,0.27750,0.47734,4.37329
4-Chloroaniline,4,4,1.13904,1.20975,0.32174,0.39628,5.24433
"3,4-Dichloroaniline",4,4,1.21891,1.23967,0.35891,0.25962,6.18845
"N, N-Diethylaniline",4,4,0.95951,0.86450,0.03124,0.51378,5.71185
"N, N-Dimethylaniline",4,4,0.97726,0.91021,0.04362,0.48014,5.38389
Diphenylamine,4,4,1.53757,1.25724,0.32527,0.35718,7.70905
N-Ethylaniline,4,4,0.99064,0.97985,0.22656,0.56406,5.31940
4-Fluoroaniline,4,4,0.79525,1.20534,0.32626,0.46073,4.35354
8-Hydroxyquinoline,4,4,1.56058,1.09895,0.05255,0.62201,6.54829
2-Methylaniline,4,4,0.99809,1.00478,0.23632,0.55045,4.69027
3-Methylaniline,4,4,1.04611,1.11017,0.28035,0.52833,4.85673
4-Methylaniline,4,4,0.99621,1.07942,0.25273,0.52340,4.93396
Pyridine,4,4,0.70763,0.88182,0.02504,0.57182,3.44057
Quinoline,4,4,1.36372,1.02661,0.03134,0.60037,5.94216
